session_id,user_name,date,day_of_week,is_weekend,start_time,end_time,hour_start,n_events,duration_sec,time_label,behaviour,sequence,devices
0,Alice,2026-03-17,Tuesday,False,01:47:38,01:52:07,1,2,269,late_night,night_routine,bedroom_ac::turn_off → bedroom_light::turn_off,"bedroom_ac, bedroom_light"
1,Alice,2026-03-17,Tuesday,False,05:11:09,05:54:38,5,4,2609,late_night,night_routine,living_room_tv::turn_off → kitchen_light::turn_on → bedroom_ac::turn_off → bathroom_light::turn_on,"living_room_tv, kitchen_light, bedroom_ac, bathroom_light"
2,Alice,2026-03-17,Tuesday,False,06:56:46,07:07:31,6,2,645,morning_routine,morning_routine,kitchen_light::turn_on → bedroom_light::turn_off,"kitchen_light, bedroom_light"
3,Alice,2026-03-17,Tuesday,False,18:09:11,19:53:02,18,6,6231,evening_return,arriving_home,front_door_lock::unlock → kitchen_light::turn_off → bedroom_ac::set_temperature → bedroom_ac::turn_on → kitchen_light::turn_on → bathroom_light::turn_on,"front_door_lock, kitchen_light, bedroom_ac, bathroom_light"
4,Alice,2026-03-18,Wednesday,False,05:47:27,06:05:08,5,2,1061,late_night,night_routine,kitchen_light::turn_off → bathroom_light::turn_on,"kitchen_light, bathroom_light"
5,Alice,2026-03-18,Wednesday,False,07:01:42,07:09:38,7,2,476,morning_routine,morning_routine,kitchen_light::turn_on → bedroom_light::turn_off,"kitchen_light, bedroom_light"
6,Alice,2026-03-18,Wednesday,False,20:41:38,20:59:42,20,2,1084,night_routine,night_routine,living_room_tv::turn_on → bedroom_light::turn_on,"living_room_tv, bedroom_light"
7,Alice,2026-03-19,Thursday,False,06:05:05,06:15:59,6,3,654,morning_routine,morning_routine,bathroom_light::turn_on → garage_door::turn_on → security_camera::turn_off,"bathroom_light, garage_door, security_camera"
8,Alice,2026-03-19,Thursday,False,06:52:09,07:00:10,6,2,481,morning_routine,morning_routine,kitchen_light::turn_on → bedroom_light::turn_off,"kitchen_light, bedroom_light"
9,Alice,2026-03-19,Thursday,False,09:28:12,09:53:41,9,3,1529,late_morning,comfort_control,security_camera::turn_off → security_camera::turn_on → bedroom_ac::turn_on,"security_camera, bedroom_ac"
10,Alice,2026-03-19,Thursday,False,17:51:09,17:58:51,17,2,462,evening_return,arriving_home,kitchen_light::turn_on → front_door_lock::unlock,"kitchen_light, front_door_lock"
11,Alice,2026-03-19,Thursday,False,18:48:14,18:55:36,18,2,442,evening_return,comfort_control,bedroom_ac::turn_on → bedroom_ac::set_temperature,bedroom_ac
12,Alice,2026-03-20,Friday,False,05:55:33,06:24:15,5,2,1722,late_night,night_routine,bathroom_light::turn_on → bathroom_light::turn_off,bathroom_light
13,Alice,2026-03-20,Friday,False,07:03:12,07:18:46,7,3,934,morning_routine,morning_routine,bedroom_light::turn_off → kitchen_light::turn_on → kitchen_light::turn_on,"bedroom_light, kitchen_light"
14,Alice,2026-03-20,Friday,False,17:58:12,18:09:16,17,2,664,evening_return,arriving_home,front_door_lock::unlock → kitchen_light::turn_on,"front_door_lock, kitchen_light"
15,Alice,2026-03-20,Friday,False,18:59:07,19:04:16,18,2,309,evening_return,comfort_control,bedroom_ac::turn_on → bedroom_ac::set_temperature,bedroom_ac
16,Alice,2026-03-20,Friday,False,20:30:39,20:55:09,20,2,1470,night_routine,night_routine,smart_thermostat::turn_on → bedroom_light::turn_on,"smart_thermostat, bedroom_light"
17,Alice,2026-03-20,Friday,False,22:58:16,22:59:20,22,2,64,night_routine,night_routine,front_door_lock::turn_on → bedroom_ac::turn_off,"front_door_lock, bedroom_ac"
18,Alice,2026-03-21,Saturday,True,04:57:09,04:59:41,4,2,152,late_night,night_routine,bedroom_light::turn_on → living_room_tv::turn_off,"bedroom_light, living_room_tv"
19,Alice,2026-03-21,Saturday,True,18:57:38,19:17:34,18,3,1196,evening_return,comfort_control,bedroom_ac::set_temperature → bedroom_ac::turn_on → smart_thermostat::turn_off,"bedroom_ac, smart_thermostat"
20,Alice,2026-03-22,Sunday,True,03:11:45,03:37:44,3,2,1559,late_night,night_routine,living_room_tv::turn_off → security_camera::turn_off,"living_room_tv, security_camera"
21,Alice,2026-03-22,Sunday,True,06:51:46,07:20:01,6,3,1695,morning_routine,morning_routine,bedroom_light::turn_off → kitchen_light::turn_on → living_room_tv::turn_off,"bedroom_light, kitchen_light, living_room_tv"
22,Alice,2026-03-22,Sunday,True,13:04:07,13:25:30,13,3,1283,lunch,general,bedroom_light::turn_on → security_camera::turn_on → living_room_tv::turn_on,"bedroom_light, security_camera, living_room_tv"
23,Alice,2026-03-22,Sunday,True,21:05:34,21:13:06,21,2,452,night_routine,night_routine,bedroom_light::turn_on → security_camera::turn_on,"bedroom_light, security_camera"
24,Alice,2026-03-22,Sunday,True,22:19:16,22:51:50,22,3,1954,night_routine,night_routine,living_room_tv::turn_off → security_camera::turn_off → living_room_tv::turn_on,"living_room_tv, security_camera"
25,Alice,2026-03-23,Monday,False,06:52:40,07:08:45,6,2,965,morning_routine,morning_routine,bedroom_light::turn_off → kitchen_light::turn_on,"bedroom_light, kitchen_light"
26,Alice,2026-03-23,Monday,False,18:49:19,19:00:54,18,2,695,evening_return,comfort_control,bedroom_ac::turn_on → bedroom_ac::set_temperature,bedroom_ac
27,Alice,2026-03-24,Tuesday,False,06:51:30,07:54:07,6,4,3757,morning_routine,leaving_home,bedroom_light::turn_off → kitchen_light::turn_on → bedroom_light::turn_on → front_door_lock::lock,"bedroom_light, kitchen_light, front_door_lock"
28,Alice,2026-03-24,Tuesday,False,19:04:15,19:05:27,19,2,72,evening_return,comfort_control,garage_door::turn_on → bedroom_ac::turn_on,"garage_door, bedroom_ac"
29,Alice,2026-03-24,Tuesday,False,23:12:16,23:25:25,23,3,789,late_night,night_routine,bedroom_ac::turn_off → bedroom_ac::turn_off → garage_door::turn_off,"bedroom_ac, garage_door"
30,Alice,2026-03-25,Wednesday,False,06:05:05,06:08:42,6,2,217,morning_routine,morning_routine,bathroom_light::turn_on → living_room_tv::turn_on,"bathroom_light, living_room_tv"
31,Alice,2026-03-25,Wednesday,False,06:55:54,07:09:12,6,2,798,morning_routine,morning_routine,bedroom_light::turn_off → kitchen_light::turn_on,"bedroom_light, kitchen_light"
32,Alice,2026-03-25,Wednesday,False,07:43:15,08:25:22,7,3,2527,morning_routine,leaving_home,security_camera::turn_on → front_door_lock::lock → security_camera::turn_on,"security_camera, front_door_lock"
33,Alice,2026-03-25,Wednesday,False,17:36:06,17:58:12,17,3,1326,evening_return,arriving_home,bathroom_light::turn_off → kitchen_light::turn_on → front_door_lock::unlock,"bathroom_light, kitchen_light, front_door_lock"
34,Alice,2026-03-25,Wednesday,False,18:52:03,19:09:03,18,2,1020,evening_return,comfort_control,bedroom_ac::set_temperature → bedroom_ac::turn_on,bedroom_ac
35,Alice,2026-03-26,Thursday,False,05:52:35,06:18:22,5,3,1547,morning_routine,morning_routine,bathroom_light::turn_on → living_room_ac::turn_on → garage_door::turn_off,"bathroom_light, living_room_ac, garage_door"
36,Alice,2026-03-26,Thursday,False,06:51:56,07:12:30,6,2,1234,morning_routine,morning_routine,bedroom_light::turn_off → kitchen_light::turn_on,"bedroom_light, kitchen_light"
37,Alice,2026-03-26,Thursday,False,18:00:11,18:06:26,18,2,375,evening_return,arriving_home,kitchen_light::turn_on → front_door_lock::unlock,"kitchen_light, front_door_lock"
38,Alice,2026-03-26,Thursday,False,18:50:38,18:52:09,18,2,91,evening_return,comfort_control,bedroom_ac::turn_on → bedroom_ac::set_temperature,bedroom_ac
39,Alice,2026-03-27,Friday,False,06:01:57,06:07:05,6,2,308,morning_routine,morning_routine,bathroom_light::turn_on → security_camera::turn_off,"bathroom_light, security_camera"
40,Alice,2026-03-27,Friday,False,06:52:47,07:19:01,6,3,1574,morning_routine,morning_routine,kitchen_light::turn_on → bedroom_light::turn_off → living_room_tv::turn_off,"kitchen_light, bedroom_light, living_room_tv"
41,Alice,2026-03-27,Friday,False,07:54:31,08:00:50,7,2,379,morning_routine,leaving_home,front_door_lock::lock → bathroom_light::turn_off,"front_door_lock, bathroom_light"
42,Alice,2026-03-27,Friday,False,09:48:57,10:08:59,9,2,1202,late_morning,comfort_control,bathroom_light::turn_on → bedroom_ac::turn_on,"bathroom_light, bedroom_ac"
43,Alice,2026-03-27,Friday,False,18:01:34,18:18:22,18,3,1008,evening_return,arriving_home,front_door_lock::unlock → kitchen_light::turn_on → front_door_lock::turn_on,"front_door_lock, kitchen_light"
44,Alice,2026-03-27,Friday,False,18:50:15,18:55:20,18,2,305,evening_return,comfort_control,bedroom_ac::turn_on → bedroom_ac::set_temperature,bedroom_ac
45,Alice,2026-03-28,Saturday,True,05:34:46,06:04:00,5,2,1754,late_night,night_routine,bathroom_light::turn_off → bathroom_light::turn_on,bathroom_light
46,Alice,2026-03-28,Saturday,True,07:12:24,07:17:52,7,3,328,morning_routine,morning_routine,kitchen_light::turn_on → bedroom_light::turn_off → living_room_tv::turn_on,"kitchen_light, bedroom_light, living_room_tv"
47,Alice,2026-03-28,Saturday,True,18:49:20,18:52:48,18,2,208,evening_return,comfort_control,bedroom_ac::set_temperature → bedroom_ac::turn_on,bedroom_ac
48,Alice,2026-03-29,Sunday,True,06:51:21,06:55:47,6,2,266,morning_routine,morning_routine,bedroom_light::turn_off → kitchen_light::turn_on,"bedroom_light, kitchen_light"
49,Alice,2026-03-29,Sunday,True,16:41:56,17:02:11,16,2,1215,afternoon,comfort_control,bedroom_ac::turn_on → garage_door::turn_off,"bedroom_ac, garage_door"
50,Alice,2026-03-29,Sunday,True,18:50:17,19:07:43,18,3,1046,evening_return,comfort_control,bathroom_light::turn_on → bedroom_ac::set_temperature → bedroom_ac::turn_on,"bathroom_light, bedroom_ac"
51,Alice,2026-03-30,Monday,False,06:04:13,07:12:48,6,4,4115,morning_routine,morning_routine,bathroom_light::turn_on → garage_door::turn_on → bedroom_light::turn_off → kitchen_light::turn_on,"bathroom_light, garage_door, bedroom_light, kitchen_light"
52,Alice,2026-03-30,Monday,False,17:50:36,18:03:54,17,2,798,evening_return,arriving_home,front_door_lock::unlock → kitchen_light::turn_on,"front_door_lock, kitchen_light"
53,Alice,2026-03-30,Monday,False,18:53:30,19:00:26,18,3,416,evening_return,comfort_control,bedroom_ac::set_temperature → bedroom_ac::turn_on → security_camera::turn_off,"bedroom_ac, security_camera"
54,Alice,2026-03-30,Monday,False,21:01:12,21:33:52,21,3,1960,night_routine,night_routine,bedroom_light::turn_on → bathroom_light::turn_on → smart_thermostat::turn_on,"bedroom_light, bathroom_light, smart_thermostat"
55,Alice,2026-03-31,Tuesday,False,06:57:11,07:09:24,6,2,733,morning_routine,morning_routine,kitchen_light::turn_on → bedroom_light::turn_off,"kitchen_light, bedroom_light"
56,Alice,2026-03-31,Tuesday,False,17:48:08,17:48:25,17,2,17,evening_return,arriving_home,front_door_lock::unlock → kitchen_light::turn_on,"front_door_lock, kitchen_light"
57,Alice,2026-03-31,Tuesday,False,18:32:06,19:01:33,18,3,1767,evening_return,comfort_control,bathroom_light::turn_off → bedroom_ac::turn_on → bedroom_ac::set_temperature,"bathroom_light, bedroom_ac"
58,Alice,2026-04-01,Wednesday,False,00:41:45,01:02:34,0,2,1249,late_night,night_routine,bedroom_ac::turn_off → garage_door::turn_on,"bedroom_ac, garage_door"
59,Alice,2026-04-01,Wednesday,False,06:50:31,07:12:04,6,3,1293,morning_routine,morning_routine,security_camera::turn_off → kitchen_light::turn_on → bedroom_light::turn_off,"security_camera, kitchen_light, bedroom_light"
60,Alice,2026-04-01,Wednesday,False,18:00:01,18:08:20,18,2,499,evening_return,arriving_home,kitchen_light::turn_on → front_door_lock::unlock,"kitchen_light, front_door_lock"
61,Alice,2026-04-01,Wednesday,False,18:48:11,18:49:48,18,2,97,evening_return,comfort_control,bedroom_ac::set_temperature → bedroom_ac::turn_on,bedroom_ac
62,Alice,2026-04-02,Thursday,False,06:35:29,07:06:52,6,3,1883,morning_routine,morning_routine,bathroom_light::turn_on → kitchen_light::turn_on → bedroom_light::turn_off,"bathroom_light, kitchen_light, bedroom_light"
63,Alice,2026-04-02,Thursday,False,07:54:22,07:56:24,7,2,122,morning_routine,leaving_home,front_door_lock::lock → security_camera::turn_on,"front_door_lock, security_camera"
64,Alice,2026-04-02,Thursday,False,17:51:00,17:53:46,17,2,166,evening_return,arriving_home,front_door_lock::unlock → kitchen_light::turn_on,"front_door_lock, kitchen_light"
65,Alice,2026-04-02,Thursday,False,18:41:55,18:57:41,18,3,946,evening_return,comfort_control,garage_door::turn_off → bedroom_ac::set_temperature → bedroom_ac::turn_on,"garage_door, bedroom_ac"
66,Alice,2026-04-02,Thursday,False,21:01:14,21:05:59,21,2,285,night_routine,night_routine,living_room_tv::turn_off → bedroom_light::turn_on,"living_room_tv, bedroom_light"
67,Alice,2026-04-02,Thursday,False,23:00:55,23:19:27,23,2,1112,late_night,night_routine,bedroom_ac::turn_off → kitchen_light::turn_on,"bedroom_ac, kitchen_light"
68,Alice,2026-04-03,Friday,False,07:00:20,07:15:41,7,3,921,morning_routine,morning_routine,bedroom_light::turn_off → kitchen_light::turn_on → garage_door::turn_off,"bedroom_light, kitchen_light, garage_door"
69,Alice,2026-04-03,Friday,False,17:53:35,18:03:37,17,2,602,evening_return,arriving_home,kitchen_light::turn_on → front_door_lock::unlock,"kitchen_light, front_door_lock"
70,Alice,2026-04-03,Friday,False,18:53:43,19:36:27,18,4,2564,evening_return,comfort_control,bedroom_ac::turn_on → bedroom_ac::set_temperature → smart_thermostat::turn_off → front_door_lock::turn_on,"bedroom_ac, smart_thermostat, front_door_lock"
71,Alice,2026-04-03,Friday,False,22:59:27,23:21:29,22,2,1322,night_routine,night_routine,bedroom_ac::turn_off → front_door_lock::turn_off,"bedroom_ac, front_door_lock"
72,Alice,2026-04-04,Saturday,True,06:57:54,07:15:20,6,3,1046,morning_routine,morning_routine,bedroom_light::turn_off → kitchen_light::turn_on → garage_door::turn_off,"bedroom_light, kitchen_light, garage_door"
73,Alice,2026-04-04,Saturday,True,19:08:37,19:09:26,19,2,49,evening_return,comfort_control,bedroom_ac::set_temperature → bedroom_ac::turn_on,bedroom_ac
74,Alice,2026-04-04,Saturday,True,21:10:44,21:35:59,21,2,1515,night_routine,night_routine,bedroom_light::turn_on → bedroom_ac::turn_on,"bedroom_light, bedroom_ac"
75,Alice,2026-04-04,Saturday,True,22:33:02,23:14:44,22,3,2502,late_night,night_routine,front_door_lock::turn_off → bedroom_ac::turn_off → smart_thermostat::turn_on,"front_door_lock, bedroom_ac, smart_thermostat"
76,Alice,2026-04-05,Sunday,True,06:27:49,07:06:35,6,3,2326,morning_routine,morning_routine,bedroom_light::turn_on → kitchen_light::turn_on → bedroom_light::turn_off,"bedroom_light, kitchen_light"
77,Alice,2026-04-05,Sunday,True,18:49:39,18:59:51,18,2,612,evening_return,comfort_control,bedroom_ac::set_temperature → bedroom_ac::turn_on,bedroom_ac
78,Alice,2026-04-06,Monday,False,07:03:36,07:10:10,7,2,394,morning_routine,morning_routine,bedroom_light::turn_off → kitchen_light::turn_on,"bedroom_light, kitchen_light"
79,Alice,2026-04-06,Monday,False,08:00:30,08:28:09,8,2,1659,morning_routine,leaving_home,front_door_lock::lock → garage_door::turn_on,"front_door_lock, garage_door"
80,Alice,2026-04-06,Monday,False,17:52:14,17:55:27,17,2,193,evening_return,arriving_home,front_door_lock::unlock → kitchen_light::turn_on,"front_door_lock, kitchen_light"
81,Alice,2026-04-07,Tuesday,False,06:49:33,07:03:45,6,2,852,morning_routine,morning_routine,bedroom_light::turn_off → kitchen_light::turn_on,"bedroom_light, kitchen_light"
82,Alice,2026-04-07,Tuesday,False,17:53:52,18:03:51,17,3,599,evening_return,arriving_home,front_door_lock::turn_on → front_door_lock::unlock → kitchen_light::turn_on,"front_door_lock, kitchen_light"
83,Alice,2026-04-08,Wednesday,False,07:01:39,07:04:38,7,2,179,morning_routine,morning_routine,kitchen_light::turn_on → bedroom_light::turn_off,"kitchen_light, bedroom_light"
84,Alice,2026-04-08,Wednesday,False,09:36:48,10:11:32,9,3,2084,late_morning,comfort_control,living_room_tv::turn_on → front_door_lock::turn_off → bedroom_ac::turn_on,"living_room_tv, front_door_lock, bedroom_ac"
85,Alice,2026-04-08,Wednesday,False,17:48:29,17:57:36,17,2,547,evening_return,arriving_home,front_door_lock::unlock → front_door_lock::turn_on,front_door_lock
86,Alice,2026-04-08,Wednesday,False,18:49:24,19:05:21,18,2,957,evening_return,comfort_control,bedroom_ac::turn_on → bedroom_ac::set_temperature,bedroom_ac
87,Alice,2026-04-09,Thursday,False,18:55:45,19:07:14,18,2,689,evening_return,comfort_control,bedroom_ac::turn_on → kitchen_light::turn_on,"bedroom_ac, kitchen_light"
88,Alice,2026-04-09,Thursday,False,20:35:33,20:59:28,20,2,1435,night_routine,night_routine,front_door_lock::turn_off → bedroom_light::turn_on,"front_door_lock, bedroom_light"
89,Alice,2026-04-10,Friday,False,00:49:42,00:57:33,0,2,471,late_night,night_routine,living_room_tv::turn_off → security_camera::turn_on,"living_room_tv, security_camera"
90,Alice,2026-04-10,Friday,False,06:56:07,07:16:52,6,3,1245,morning_routine,morning_routine,kitchen_light::turn_on → bedroom_light::turn_off → living_room_ac::turn_off,"kitchen_light, bedroom_light, living_room_ac"
91,Alice,2026-04-10,Friday,False,18:04:15,18:12:34,18,2,499,evening_return,arriving_home,kitchen_light::turn_on → front_door_lock::unlock,"kitchen_light, front_door_lock"
92,Alice,2026-04-10,Friday,False,19:04:45,19:08:36,19,2,231,evening_return,comfort_control,bedroom_ac::set_temperature → bedroom_ac::turn_on,bedroom_ac
93,Alice,2026-04-11,Saturday,True,01:19:11,01:42:59,1,2,1428,late_night,night_routine,front_door_lock::turn_off → bedroom_ac::turn_on,"front_door_lock, bedroom_ac"
94,Alice,2026-04-11,Saturday,True,05:49:55,06:06:28,5,3,993,late_night,night_routine,bedroom_light::turn_off → bathroom_light::turn_on → bathroom_light::turn_on,"bedroom_light, bathroom_light"
95,Alice,2026-04-11,Saturday,True,22:33:37,22:53:46,22,2,1209,night_routine,night_routine,bathroom_light::turn_off → bedroom_ac::turn_off,"bathroom_light, bedroom_ac"
96,Alice,2026-04-12,Sunday,True,05:50:37,06:18:36,5,2,1679,late_night,night_routine,bathroom_light::turn_on → bedroom_light::turn_off,"bathroom_light, bedroom_light"
97,Alice,2026-04-13,Monday,False,06:11:11,06:29:32,6,2,1101,morning_routine,morning_routine,bathroom_light::turn_on → bedroom_ac::turn_off,"bathroom_light, bedroom_ac"
98,Alice,2026-04-13,Monday,False,07:00:30,07:06:10,7,2,340,morning_routine,morning_routine,kitchen_light::turn_on → bedroom_light::turn_off,"kitchen_light, bedroom_light"
99,Alice,2026-04-13,Monday,False,17:05:27,17:09:49,17,2,262,evening_return,general,smart_thermostat::turn_off → living_room_tv::turn_on,"smart_thermostat, living_room_tv"
100,Alice,2026-04-13,Monday,False,17:52:55,18:05:50,17,2,775,evening_return,arriving_home,kitchen_light::turn_on → front_door_lock::unlock,"kitchen_light, front_door_lock"
101,Alice,2026-04-13,Monday,False,18:48:01,19:10:20,18,2,1339,evening_return,comfort_control,bedroom_ac::turn_on → bedroom_ac::set_temperature,bedroom_ac
102,Alice,2026-04-13,Monday,False,21:04:14,21:11:19,21,2,425,night_routine,night_routine,bathroom_light::turn_on → bedroom_light::turn_on,"bathroom_light, bedroom_light"
103,Alice,2026-04-14,Tuesday,False,06:49:40,06:55:56,6,2,376,morning_routine,morning_routine,kitchen_light::turn_on → bedroom_light::turn_off,"kitchen_light, bedroom_light"
104,Alice,2026-04-14,Tuesday,False,17:48:47,18:57:29,17,6,4122,evening_return,arriving_home,front_door_lock::unlock → smart_thermostat::turn_on → kitchen_light::turn_on → smart_thermostat::turn_off → bedroom_ac::set_temperature → bedroom_ac::turn_on,"front_door_lock, smart_thermostat, kitchen_light, bedroom_ac"
105,Alice,2026-04-15,Wednesday,False,06:29:59,06:48:30,6,2,1111,morning_routine,morning_routine,living_room_tv::turn_off → kitchen_light::turn_on,"living_room_tv, kitchen_light"
106,Alice,2026-04-15,Wednesday,False,09:45:49,09:54:30,9,2,521,late_morning,general,front_door_lock::turn_off → bedroom_light::turn_on,"front_door_lock, bedroom_light"
107,Alice,2026-04-15,Wednesday,False,18:03:20,18:11:15,18,2,475,evening_return,arriving_home,kitchen_light::turn_on → front_door_lock::unlock,"kitchen_light, front_door_lock"
108,Alice,2026-04-16,Thursday,False,06:52:45,06:59:56,6,2,431,morning_routine,morning_routine,kitchen_light::turn_on → bedroom_light::turn_off,"kitchen_light, bedroom_light"
109,Alice,2026-04-16,Thursday,False,18:07:21,18:09:35,18,2,134,evening_return,arriving_home,front_door_lock::unlock → kitchen_light::turn_on,"front_door_lock, kitchen_light"
110,Alice,2026-04-16,Thursday,False,18:44:03,19:06:45,18,3,1362,evening_return,comfort_control,security_camera::turn_on → bedroom_ac::set_temperature → bedroom_ac::turn_on,"security_camera, bedroom_ac"
111,Alice,2026-04-17,Friday,False,07:08:10,07:08:32,7,2,22,morning_routine,morning_routine,kitchen_light::turn_on → bedroom_light::turn_off,"kitchen_light, bedroom_light"
112,Bob,2026-03-17,Tuesday,False,09:53:02,10:01:05,9,2,483,late_morning,comfort_control,living_room_ac::turn_on → living_room_ac::set_temperature,living_room_ac
113,Bob,2026-03-17,Tuesday,False,19:49:40,20:41:29,19,3,3109,night_routine,night_routine,living_room_tv::turn_on → living_room_ac::turn_on → bedroom_light::turn_on,"living_room_tv, living_room_ac, bedroom_light"
114,Bob,2026-03-18,Wednesday,False,10:07:49,10:11:54,10,2,245,late_morning,comfort_control,living_room_ac::set_temperature → living_room_ac::turn_on,living_room_ac
115,Bob,2026-03-18,Wednesday,False,19:49:26,20:10:37,19,4,1271,evening_return,comfort_control,living_room_tv::turn_on → bedroom_light::turn_on → bathroom_light::turn_on → living_room_ac::turn_on,"living_room_tv, bedroom_light, bathroom_light, living_room_ac"
116,Bob,2026-03-18,Wednesday,False,22:52:57,23:00:25,22,2,448,night_routine,night_routine,smart_thermostat::set_temperature → living_room_tv::turn_off,"smart_thermostat, living_room_tv"
117,Bob,2026-03-19,Thursday,False,04:09:26,04:18:33,4,2,547,late_night,night_routine,bedroom_light::turn_off → front_door_lock::turn_off,"bedroom_light, front_door_lock"
118,Bob,2026-03-19,Thursday,False,09:48:56,10:06:25,9,2,1049,late_morning,comfort_control,living_room_ac::set_temperature → living_room_ac::turn_on,living_room_ac
119,Bob,2026-03-19,Thursday,False,11:23:50,11:40:40,11,2,1010,late_morning,general,smart_thermostat::turn_off → living_room_ac::turn_off,"smart_thermostat, living_room_ac"
120,Bob,2026-03-19,Thursday,False,19:56:39,19:58:42,19,2,123,evening_return,comfort_control,living_room_ac::turn_on → living_room_tv::turn_on,"living_room_ac, living_room_tv"
121,Bob,2026-03-19,Thursday,False,23:10:57,23:12:55,23,2,118,late_night,night_routine,smart_thermostat::set_temperature → living_room_tv::turn_off,"smart_thermostat, living_room_tv"
122,Bob,2026-03-20,Friday,False,00:17:53,00:29:59,0,2,726,late_night,night_routine,bedroom_ac::turn_on → garage_door::turn_off,"bedroom_ac, garage_door"
123,Bob,2026-03-20,Friday,False,09:56:48,10:12:01,9,3,913,late_morning,comfort_control,living_room_ac::turn_on → living_room_ac::set_temperature → front_door_lock::turn_off,"living_room_ac, front_door_lock"
124,Bob,2026-03-20,Friday,False,13:01:35,13:35:40,13,3,2045,lunch,comfort_control,smart_thermostat::set_temperature → living_room_ac::turn_on → bathroom_light::turn_on,"smart_thermostat, living_room_ac, bathroom_light"
125,Bob,2026-03-20,Friday,False,19:49:14,20:10:22,19,2,1268,evening_return,comfort_control,living_room_ac::turn_on → living_room_tv::turn_on,"living_room_ac, living_room_tv"
126,Bob,2026-03-20,Friday,False,22:57:39,23:04:01,22,2,382,night_routine,night_routine,living_room_tv::turn_off → smart_thermostat::set_temperature,"living_room_tv, smart_thermostat"
127,Bob,2026-03-21,Saturday,True,09:04:14,09:20:37,9,2,983,late_morning,general,living_room_tv::turn_on → garage_door::turn_on,"living_room_tv, garage_door"
128,Bob,2026-03-21,Saturday,True,10:05:27,11:05:11,10,5,3584,late_morning,comfort_control,living_room_ac::turn_on → living_room_ac::set_temperature → bedroom_light::turn_on → garage_door::turn_off → living_room_tv::turn_on,"living_room_ac, bedroom_light, garage_door, living_room_tv"
129,Bob,2026-03-21,Saturday,True,19:55:19,20:15:45,19,3,1226,evening_return,comfort_control,living_room_tv::turn_on → living_room_ac::turn_on → security_camera::turn_off,"living_room_tv, living_room_ac, security_camera"
130,Bob,2026-03-21,Saturday,True,23:00:21,23:07:07,23,2,406,late_night,night_routine,smart_thermostat::set_temperature → living_room_tv::turn_off,"smart_thermostat, living_room_tv"
131,Bob,2026-03-22,Sunday,True,08:51:58,09:14:25,8,2,1347,morning_routine,morning_routine,living_room_tv::turn_on → kitchen_light::turn_off,"living_room_tv, kitchen_light"
132,Bob,2026-03-22,Sunday,True,09:56:43,10:06:15,9,2,572,late_morning,comfort_control,living_room_ac::turn_on → living_room_ac::set_temperature,living_room_ac
133,Bob,2026-03-22,Sunday,True,11:11:34,11:26:44,11,2,910,late_morning,general,living_room_tv::turn_on → bedroom_ac::turn_off,"living_room_tv, bedroom_ac"
134,Bob,2026-03-22,Sunday,True,22:56:19,23:05:16,22,2,537,night_routine,night_routine,smart_thermostat::set_temperature → living_room_tv::turn_off,"smart_thermostat, living_room_tv"
135,Bob,2026-03-23,Monday,False,13:01:46,13:22:33,13,2,1247,lunch,comfort_control,smart_thermostat::set_temperature → bedroom_ac::turn_on,"smart_thermostat, bedroom_ac"
136,Bob,2026-03-23,Monday,False,19:53:49,20:09:56,19,2,967,evening_return,comfort_control,living_room_tv::turn_on → living_room_ac::turn_on,"living_room_tv, living_room_ac"
137,Bob,2026-03-23,Monday,False,20:54:36,21:19:13,20,2,1477,night_routine,night_routine,front_door_lock::turn_off → security_camera::turn_on,"front_door_lock, security_camera"
138,Bob,2026-03-23,Monday,False,22:55:19,22:56:23,22,2,64,night_routine,night_routine,living_room_tv::turn_off → smart_thermostat::set_temperature,"living_room_tv, smart_thermostat"
139,Bob,2026-03-24,Tuesday,False,08:23:51,08:49:49,8,2,1558,morning_routine,morning_routine,bedroom_light::turn_on → living_room_tv::turn_on,"bedroom_light, living_room_tv"
140,Bob,2026-03-24,Tuesday,False,19:53:30,20:02:06,19,3,516,evening_return,comfort_control,smart_thermostat::turn_off → living_room_tv::turn_on → living_room_ac::turn_on,"smart_thermostat, living_room_tv, living_room_ac"
141,Bob,2026-03-25,Wednesday,False,09:52:39,10:19:58,9,4,1639,late_morning,comfort_control,living_room_ac::turn_on → living_room_ac::set_temperature → smart_thermostat::turn_on → living_room_ac::turn_off,"living_room_ac, smart_thermostat"
142,Bob,2026-03-25,Wednesday,False,19:55:56,19:58:29,19,2,153,evening_return,comfort_control,living_room_tv::turn_on → living_room_ac::turn_on,"living_room_tv, living_room_ac"
143,Bob,2026-03-25,Wednesday,False,23:01:00,23:10:02,23,2,542,late_night,night_routine,smart_thermostat::set_temperature → living_room_tv::turn_off,"smart_thermostat, living_room_tv"
144,Bob,2026-03-26,Thursday,False,02:36:33,02:45:15,2,2,522,late_night,night_routine,garage_door::turn_off → living_room_tv::turn_on,"garage_door, living_room_tv"
145,Bob,2026-03-26,Thursday,False,10:02:55,10:12:01,10,2,546,late_morning,comfort_control,living_room_ac::turn_on → living_room_ac::set_temperature,living_room_ac
146,Bob,2026-03-26,Thursday,False,13:12:59,13:23:13,13,2,614,lunch,general,smart_thermostat::set_temperature → kitchen_light::turn_off,"smart_thermostat, kitchen_light"
147,Bob,2026-03-26,Thursday,False,19:50:08,19:53:34,19,2,206,evening_return,comfort_control,living_room_tv::turn_on → living_room_ac::turn_on,"living_room_tv, living_room_ac"
148,Bob,2026-03-26,Thursday,False,23:04:06,23:09:32,23,2,326,late_night,night_routine,living_room_tv::turn_off → smart_thermostat::set_temperature,"living_room_tv, smart_thermostat"
149,Bob,2026-03-27,Friday,False,09:56:23,10:07:50,9,2,687,late_morning,comfort_control,living_room_ac::turn_on → living_room_ac::set_temperature,living_room_ac
150,Bob,2026-03-27,Friday,False,19:29:23,19:58:32,19,3,1749,evening_return,general,smart_thermostat::turn_off → bathroom_light::turn_on → living_room_tv::turn_on,"smart_thermostat, bathroom_light, living_room_tv"
151,Bob,2026-03-27,Friday,False,22:58:02,23:03:11,22,2,309,night_routine,night_routine,smart_thermostat::set_temperature → living_room_tv::turn_off,"smart_thermostat, living_room_tv"
152,Bob,2026-03-28,Saturday,True,04:54:10,05:02:48,4,2,518,late_night,night_routine,garage_door::turn_on → bathroom_light::turn_off,"garage_door, bathroom_light"
153,Bob,2026-03-28,Saturday,True,17:17:18,17:45:52,17,4,1714,evening_return,general,garage_door::turn_on → garage_door::turn_on → living_room_tv::turn_on → bathroom_light::turn_on,"garage_door, living_room_tv, bathroom_light"
154,Bob,2026-03-28,Saturday,True,22:48:10,23:04:28,22,2,978,night_routine,night_routine,living_room_tv::turn_off → smart_thermostat::set_temperature,"living_room_tv, smart_thermostat"
155,Bob,2026-03-29,Sunday,True,09:59:13,10:04:14,9,2,301,late_morning,comfort_control,living_room_ac::set_temperature → living_room_ac::turn_on,living_room_ac
156,Bob,2026-03-29,Sunday,True,22:57:06,23:06:12,22,2,546,night_routine,night_routine,living_room_tv::turn_off → smart_thermostat::set_temperature,"living_room_tv, smart_thermostat"
157,Bob,2026-03-30,Monday,False,19:51:27,20:05:10,19,3,823,evening_return,comfort_control,living_room_ac::turn_on → living_room_tv::turn_on → living_room_ac::turn_on,"living_room_ac, living_room_tv"
158,Bob,2026-03-30,Monday,False,23:00:11,23:03:00,23,2,169,late_night,night_routine,smart_thermostat::set_temperature → living_room_tv::turn_off,"smart_thermostat, living_room_tv"
159,Bob,2026-03-31,Tuesday,False,09:58:00,10:10:53,9,2,773,late_morning,comfort_control,living_room_ac::set_temperature → living_room_ac::turn_on,living_room_ac
160,Bob,2026-03-31,Tuesday,False,19:29:23,20:01:23,19,4,1920,evening_return,comfort_control,security_camera::turn_off → living_room_tv::turn_on → kitchen_light::turn_off → living_room_ac::turn_on,"security_camera, living_room_tv, kitchen_light, living_room_ac"
161,Bob,2026-03-31,Tuesday,False,22:35:54,22:52:58,22,2,1024,night_routine,night_routine,smart_thermostat::turn_off → living_room_tv::turn_off,"smart_thermostat, living_room_tv"
162,Bob,2026-04-01,Wednesday,False,09:49:58,10:02:03,9,2,725,late_morning,comfort_control,living_room_ac::turn_on → bedroom_ac::turn_off,"living_room_ac, bedroom_ac"
163,Bob,2026-04-01,Wednesday,False,10:32:21,10:52:34,10,2,1213,late_morning,general,front_door_lock::turn_on → living_room_tv::turn_on,"front_door_lock, living_room_tv"
164,Bob,2026-04-01,Wednesday,False,19:52:53,19:57:04,19,2,251,evening_return,comfort_control,living_room_ac::turn_on → living_room_tv::turn_on,"living_room_ac, living_room_tv"
165,Bob,2026-04-01,Wednesday,False,23:02:37,23:05:00,23,3,143,late_night,night_routine,living_room_tv::turn_off → smart_thermostat::turn_off → smart_thermostat::set_temperature,"living_room_tv, smart_thermostat"
166,Bob,2026-04-02,Thursday,False,13:02:51,13:26:42,13,3,1431,lunch,comfort_control,living_room_tv::turn_off → smart_thermostat::set_temperature → living_room_ac::turn_on,"living_room_tv, smart_thermostat, living_room_ac"
167,Bob,2026-04-02,Thursday,False,19:55:43,20:02:00,19,2,377,evening_return,comfort_control,living_room_ac::turn_on → living_room_tv::turn_on,"living_room_ac, living_room_tv"
168,Bob,2026-04-02,Thursday,False,23:00:56,23:10:22,23,2,566,late_night,night_routine,living_room_tv::turn_off → smart_thermostat::set_temperature,"living_room_tv, smart_thermostat"
169,Bob,2026-04-03,Friday,False,09:53:18,10:51:28,9,4,3490,late_morning,comfort_control,living_room_ac::set_temperature → living_room_ac::turn_on → living_room_tv::turn_on → living_room_tv::turn_on,"living_room_ac, living_room_tv"
170,Bob,2026-04-03,Friday,False,19:54:29,20:08:43,19,2,854,evening_return,comfort_control,living_room_ac::turn_on → living_room_tv::turn_on,"living_room_ac, living_room_tv"
171,Bob,2026-04-04,Saturday,True,09:50:52,09:51:48,9,2,56,late_morning,comfort_control,living_room_ac::set_temperature → living_room_ac::turn_on,living_room_ac
172,Bob,2026-04-04,Saturday,True,20:00:19,20:04:42,20,2,263,night_routine,night_routine,living_room_ac::turn_on → living_room_tv::turn_on,"living_room_ac, living_room_tv"
173,Bob,2026-04-04,Saturday,True,23:05:05,23:09:11,23,2,246,late_night,night_routine,smart_thermostat::set_temperature → living_room_tv::turn_off,"smart_thermostat, living_room_tv"
174,Bob,2026-04-05,Sunday,True,12:33:48,12:37:44,12,2,236,lunch,general,living_room_tv::turn_on → bedroom_light::turn_off,"living_room_tv, bedroom_light"
175,Bob,2026-04-06,Monday,False,20:04:13,20:12:18,20,2,485,night_routine,night_routine,living_room_ac::turn_on → living_room_tv::turn_on,"living_room_ac, living_room_tv"
176,Bob,2026-04-07,Tuesday,False,04:48:09,05:06:37,4,2,1108,late_night,night_routine,smart_thermostat::turn_off → front_door_lock::turn_on,"smart_thermostat, front_door_lock"
177,Bob,2026-04-07,Tuesday,False,09:49:37,10:13:33,9,3,1436,late_morning,comfort_control,living_room_ac::set_temperature → living_room_ac::turn_on → front_door_lock::turn_on,"living_room_ac, front_door_lock"
178,Bob,2026-04-07,Tuesday,False,12:58:34,13:02:17,12,2,223,lunch,general,living_room_tv::turn_on → smart_thermostat::set_temperature,"living_room_tv, smart_thermostat"
179,Bob,2026-04-07,Tuesday,False,19:52:45,20:12:53,19,2,1208,evening_return,comfort_control,living_room_tv::turn_on → living_room_ac::turn_on,"living_room_tv, living_room_ac"
180,Bob,2026-04-07,Tuesday,False,23:05:49,23:11:12,23,3,323,late_night,night_routine,smart_thermostat::set_temperature → living_room_tv::turn_off → living_room_ac::turn_off,"smart_thermostat, living_room_tv, living_room_ac"
181,Bob,2026-04-08,Wednesday,False,09:57:21,10:06:17,9,2,536,late_morning,comfort_control,living_room_ac::turn_on → living_room_ac::set_temperature,living_room_ac
182,Bob,2026-04-08,Wednesday,False,12:50:14,13:04:42,12,2,868,lunch,general,living_room_tv::turn_off → smart_thermostat::set_temperature,"living_room_tv, smart_thermostat"
183,Bob,2026-04-09,Thursday,False,08:55:34,09:56:55,8,4,3681,late_morning,comfort_control,living_room_tv::turn_on → bedroom_light::turn_on → living_room_ac::turn_on → living_room_ac::set_temperature,"living_room_tv, bedroom_light, living_room_ac"
184,Bob,2026-04-09,Thursday,False,19:31:29,20:10:27,19,4,2338,evening_return,comfort_control,smart_thermostat::turn_off → front_door_lock::turn_on → living_room_tv::turn_on → living_room_ac::turn_on,"smart_thermostat, front_door_lock, living_room_tv, living_room_ac"
185,Bob,2026-04-10,Friday,False,09:56:42,10:00:59,9,2,257,late_morning,comfort_control,living_room_ac::turn_on → living_room_ac::set_temperature,living_room_ac
186,Bob,2026-04-10,Friday,False,19:53:03,19:55:22,19,2,139,evening_return,comfort_control,living_room_ac::turn_on → living_room_tv::turn_on,"living_room_ac, living_room_tv"
187,Bob,2026-04-11,Saturday,True,10:09:33,10:13:50,10,3,257,late_morning,comfort_control,living_room_ac::turn_on → living_room_ac::set_temperature → smart_thermostat::turn_on,"living_room_ac, smart_thermostat"
188,Bob,2026-04-11,Saturday,True,20:00:16,20:04:37,20,2,261,night_routine,night_routine,living_room_ac::turn_on → living_room_tv::turn_on,"living_room_ac, living_room_tv"
189,Bob,2026-04-11,Saturday,True,22:53:47,23:05:36,22,2,709,night_routine,night_routine,living_room_tv::turn_off → smart_thermostat::set_temperature,"living_room_tv, smart_thermostat"
190,Bob,2026-04-12,Sunday,True,05:33:11,05:45:37,5,2,746,late_night,night_routine,front_door_lock::turn_off → bedroom_light::turn_on,"front_door_lock, bedroom_light"
191,Bob,2026-04-12,Sunday,True,10:01:45,10:17:32,10,2,947,late_morning,comfort_control,living_room_ac::turn_on → garage_door::turn_off,"living_room_ac, garage_door"
192,Bob,2026-04-12,Sunday,True,19:58:52,20:09:18,19,2,626,evening_return,comfort_control,living_room_ac::turn_on → living_room_tv::turn_on,"living_room_ac, living_room_tv"
193,Bob,2026-04-13,Monday,False,09:51:59,10:07:09,9,3,910,late_morning,comfort_control,living_room_ac::set_temperature → living_room_ac::turn_on → kitchen_light::turn_on,"living_room_ac, kitchen_light"
194,Bob,2026-04-13,Monday,False,12:24:59,12:50:30,12,2,1531,lunch,general,front_door_lock::turn_off → smart_thermostat::set_temperature,"front_door_lock, smart_thermostat"
195,Bob,2026-04-13,Monday,False,19:41:54,19:50:12,19,2,498,evening_return,general,living_room_ac::turn_off → living_room_tv::turn_on,"living_room_ac, living_room_tv"
196,Bob,2026-04-14,Tuesday,False,09:54:57,09:59:09,9,2,252,late_morning,comfort_control,living_room_ac::turn_on → living_room_ac::set_temperature,living_room_ac
197,Bob,2026-04-14,Tuesday,False,19:59:34,20:04:33,19,2,299,evening_return,comfort_control,living_room_ac::turn_on → living_room_tv::turn_on,"living_room_ac, living_room_tv"
198,Bob,2026-04-14,Tuesday,False,22:53:42,22:56:42,22,2,180,night_routine,night_routine,living_room_tv::turn_off → smart_thermostat::set_temperature,"living_room_tv, smart_thermostat"
199,Bob,2026-04-15,Wednesday,False,09:49:43,10:02:12,9,3,749,late_morning,comfort_control,security_camera::turn_off → living_room_ac::set_temperature → living_room_ac::turn_on,"security_camera, living_room_ac"
200,Bob,2026-04-15,Wednesday,False,19:54:52,20:07:37,19,2,765,evening_return,comfort_control,living_room_tv::turn_on → living_room_ac::turn_on,"living_room_tv, living_room_ac"
201,Bob,2026-04-15,Wednesday,False,22:51:23,23:12:37,22,2,1274,night_routine,night_routine,living_room_tv::turn_off → smart_thermostat::set_temperature,"living_room_tv, smart_thermostat"
202,Bob,2026-04-16,Thursday,False,06:45:43,07:13:51,6,2,1688,morning_routine,morning_routine,smart_thermostat::turn_on → living_room_ac::turn_off,"smart_thermostat, living_room_ac"
203,Bob,2026-04-16,Thursday,False,09:56:16,10:04:54,9,2,518,late_morning,comfort_control,living_room_ac::turn_on → living_room_ac::set_temperature,living_room_ac
204,Bob,2026-04-16,Thursday,False,10:49:07,11:06:23,10,2,1036,late_morning,general,living_room_tv::turn_on → bedroom_light::turn_on,"living_room_tv, bedroom_light"
205,Bob,2026-04-16,Thursday,False,19:52:15,20:08:08,19,2,953,evening_return,comfort_control,living_room_ac::turn_on → living_room_tv::turn_on,"living_room_ac, living_room_tv"
206,Bob,2026-04-17,Friday,False,09:55:05,10:08:11,9,2,786,late_morning,comfort_control,living_room_ac::turn_on → living_room_ac::set_temperature,living_room_ac
207,Carol,2026-03-17,Tuesday,False,06:51:09,06:54:56,6,2,227,morning_routine,morning_routine,bathroom_light::turn_on → kitchen_light::turn_on,"bathroom_light, kitchen_light"
208,Carol,2026-03-17,Tuesday,False,08:56:07,09:11:57,8,3,950,late_morning,leaving_home,front_door_lock::lock → garage_door::open → smart_thermostat::turn_off,"front_door_lock, garage_door, smart_thermostat"
209,Carol,2026-03-17,Tuesday,False,16:59:34,17:00:25,16,2,51,afternoon,arriving_home,front_door_lock::unlock → garage_door::close,"front_door_lock, garage_door"
210,Carol,2026-03-17,Tuesday,False,20:00:49,20:08:46,20,2,477,night_routine,night_routine,kitchen_light::turn_off → living_room_tv::turn_on,"kitchen_light, living_room_tv"
211,Carol,2026-03-17,Tuesday,False,21:54:48,21:57:05,21,2,137,night_routine,night_routine,bathroom_light::turn_off → kitchen_light::turn_off,"bathroom_light, kitchen_light"
212,Carol,2026-03-18,Wednesday,False,07:05:45,07:06:54,7,2,69,morning_routine,morning_routine,bathroom_light::turn_on → kitchen_light::turn_on,"bathroom_light, kitchen_light"
213,Carol,2026-03-18,Wednesday,False,08:53:04,09:03:36,8,2,632,morning_routine,leaving_home,garage_door::open → front_door_lock::lock,"garage_door, front_door_lock"
214,Carol,2026-03-18,Wednesday,False,16:48:36,16:58:26,16,3,590,afternoon,arriving_home,front_door_lock::unlock → garage_door::close → kitchen_light::turn_on,"front_door_lock, garage_door, kitchen_light"
215,Carol,2026-03-18,Wednesday,False,19:49:21,19:57:35,19,2,494,evening_return,general,living_room_tv::turn_on → living_room_tv::turn_on,living_room_tv
216,Carol,2026-03-19,Thursday,False,06:48:36,06:55:41,6,2,425,morning_routine,morning_routine,kitchen_light::turn_on → bathroom_light::turn_on,"kitchen_light, bathroom_light"
217,Carol,2026-03-19,Thursday,False,08:53:40,09:06:48,8,2,788,morning_routine,leaving_home,front_door_lock::lock → garage_door::open,"front_door_lock, garage_door"
218,Carol,2026-03-19,Thursday,False,11:08:55,11:14:20,11,2,325,late_morning,general,living_room_tv::turn_off → front_door_lock::turn_off,"living_room_tv, front_door_lock"
219,Carol,2026-03-19,Thursday,False,17:04:25,17:06:14,17,2,109,evening_return,arriving_home,garage_door::close → front_door_lock::unlock,"garage_door, front_door_lock"
220,Carol,2026-03-19,Thursday,False,19:51:27,20:04:10,19,2,763,evening_return,general,living_room_tv::turn_on → kitchen_light::turn_off,"living_room_tv, kitchen_light"
221,Carol,2026-03-20,Friday,False,06:45:30,07:11:01,6,3,1531,morning_routine,morning_routine,bedroom_light::turn_off → kitchen_light::turn_on → bathroom_light::turn_on,"bedroom_light, kitchen_light, bathroom_light"
222,Carol,2026-03-20,Friday,False,08:55:38,08:57:25,8,2,107,morning_routine,leaving_home,front_door_lock::lock → garage_door::open,"front_door_lock, garage_door"
223,Carol,2026-03-20,Friday,False,16:49:21,17:06:05,16,3,1004,evening_return,arriving_home,front_door_lock::turn_off → front_door_lock::unlock → kitchen_light::turn_on,"front_door_lock, kitchen_light"
224,Carol,2026-03-20,Friday,False,19:58:13,20:09:42,19,3,689,evening_return,general,living_room_tv::turn_on → bedroom_light::turn_on → kitchen_light::turn_off,"living_room_tv, bedroom_light, kitchen_light"
225,Carol,2026-03-21,Saturday,True,06:58:44,07:05:39,6,2,415,morning_routine,morning_routine,kitchen_light::turn_on → bathroom_light::turn_on,"kitchen_light, bathroom_light"
226,Carol,2026-03-21,Saturday,True,10:52:19,11:12:01,10,2,1182,late_morning,general,smart_thermostat::turn_off → smart_thermostat::turn_off,smart_thermostat
227,Carol,2026-03-21,Saturday,True,21:52:45,22:08:33,21,2,948,night_routine,night_routine,bedroom_light::turn_on → bathroom_light::turn_off,"bedroom_light, bathroom_light"
228,Carol,2026-03-22,Sunday,True,21:34:08,21:59:35,21,2,1527,night_routine,night_routine,garage_door::turn_off → bathroom_light::turn_off,"garage_door, bathroom_light"
229,Carol,2026-03-23,Monday,False,06:58:36,07:11:53,6,2,797,morning_routine,morning_routine,kitchen_light::turn_on → bathroom_light::turn_on,"kitchen_light, bathroom_light"
230,Carol,2026-03-23,Monday,False,09:04:07,09:05:42,9,2,95,late_morning,leaving_home,garage_door::open → front_door_lock::lock,"garage_door, front_door_lock"
231,Carol,2026-03-23,Monday,False,16:50:14,17:01:34,16,3,680,evening_return,arriving_home,front_door_lock::unlock → kitchen_light::turn_on → garage_door::close,"front_door_lock, kitchen_light, garage_door"
232,Carol,2026-03-23,Monday,False,19:50:11,20:10:55,19,2,1244,evening_return,general,living_room_tv::turn_on → living_room_tv::turn_on,living_room_tv
233,Carol,2026-03-24,Tuesday,False,00:47:53,00:48:30,0,2,37,late_night,night_routine,bedroom_light::turn_off → garage_door::turn_on,"bedroom_light, garage_door"
234,Carol,2026-03-24,Tuesday,False,06:58:11,07:00:58,6,2,167,morning_routine,morning_routine,kitchen_light::turn_on → bathroom_light::turn_on,"kitchen_light, bathroom_light"
235,Carol,2026-03-24,Tuesday,False,09:05:38,09:08:30,9,2,172,late_morning,leaving_home,garage_door::open → front_door_lock::lock,"garage_door, front_door_lock"
236,Carol,2026-03-25,Wednesday,False,08:59:49,09:01:11,8,2,82,morning_routine,leaving_home,front_door_lock::lock → garage_door::open,"front_door_lock, garage_door"
237,Carol,2026-03-25,Wednesday,False,09:51:26,10:26:39,9,4,2113,late_morning,comfort_control,bedroom_ac::turn_on → garage_door::open → front_door_lock::turn_off → bedroom_light::turn_on,"bedroom_ac, garage_door, front_door_lock, bedroom_light"
238,Carol,2026-03-25,Wednesday,False,16:50:22,17:07:02,16,3,1000,evening_return,arriving_home,garage_door::close → kitchen_light::turn_on → front_door_lock::unlock,"garage_door, kitchen_light, front_door_lock"
239,Carol,2026-03-25,Wednesday,False,19:30:03,19:56:55,19,3,1612,evening_return,general,front_door_lock::turn_on → living_room_tv::turn_on → kitchen_light::turn_off,"front_door_lock, living_room_tv, kitchen_light"
240,Carol,2026-03-25,Wednesday,False,20:31:12,21:52:10,20,5,4858,night_routine,night_routine,security_camera::turn_on → bedroom_ac::turn_off → living_room_tv::turn_off → bathroom_light::turn_off → bathroom_light::turn_off,"security_camera, bedroom_ac, living_room_tv, bathroom_light"
241,Carol,2026-03-26,Thursday,False,06:48:39,07:28:41,6,3,2402,morning_routine,morning_routine,bathroom_light::turn_on → kitchen_light::turn_on → garage_door::turn_off,"bathroom_light, kitchen_light, garage_door"
242,Carol,2026-03-26,Thursday,False,09:06:13,09:08:07,9,2,114,late_morning,leaving_home,garage_door::open → front_door_lock::lock,"garage_door, front_door_lock"
243,Carol,2026-03-26,Thursday,False,16:53:34,17:36:39,16,4,2585,afternoon,arriving_home,kitchen_light::turn_on → garage_door::close → front_door_lock::unlock → security_camera::turn_on,"kitchen_light, garage_door, front_door_lock, security_camera"
244,Carol,2026-03-27,Friday,False,07:03:33,07:09:33,7,3,360,morning_routine,morning_routine,kitchen_light::turn_on → bathroom_light::turn_on → smart_thermostat::turn_off,"kitchen_light, bathroom_light, smart_thermostat"
245,Carol,2026-03-27,Friday,False,17:00:14,17:11:39,17,2,685,evening_return,arriving_home,front_door_lock::unlock → garage_door::close,"front_door_lock, garage_door"
246,Carol,2026-03-28,Saturday,True,06:57:52,07:00:45,6,2,173,morning_routine,morning_routine,kitchen_light::turn_on → bathroom_light::turn_on,"kitchen_light, bathroom_light"
247,Carol,2026-03-28,Saturday,True,19:57:46,20:06:03,19,2,497,evening_return,general,living_room_tv::turn_on → kitchen_light::turn_off,"living_room_tv, kitchen_light"
248,Carol,2026-03-29,Sunday,True,06:48:35,07:00:06,6,2,691,morning_routine,morning_routine,kitchen_light::turn_on → bathroom_light::turn_on,"kitchen_light, bathroom_light"
249,Carol,2026-03-30,Monday,False,04:54:02,05:18:21,4,2,1459,late_night,night_routine,bedroom_ac::turn_on → security_camera::turn_off,"bedroom_ac, security_camera"
250,Carol,2026-03-30,Monday,False,06:55:41,07:06:07,6,3,626,morning_routine,morning_routine,bathroom_light::turn_on → bathroom_light::turn_off → kitchen_light::turn_on,"bathroom_light, kitchen_light"
251,Carol,2026-03-30,Monday,False,17:00:17,17:06:43,17,2,386,evening_return,arriving_home,front_door_lock::unlock → garage_door::close,"front_door_lock, garage_door"
252,Carol,2026-03-31,Tuesday,False,06:51:37,07:03:43,6,2,726,morning_routine,morning_routine,kitchen_light::turn_on → bathroom_light::turn_on,"kitchen_light, bathroom_light"
253,Carol,2026-03-31,Tuesday,False,08:40:15,08:55:47,8,3,932,morning_routine,leaving_home,living_room_ac::turn_on → front_door_lock::lock → garage_door::open,"living_room_ac, front_door_lock, garage_door"
254,Carol,2026-03-31,Tuesday,False,09:52:49,10:04:15,9,2,686,late_morning,general,security_camera::turn_on → garage_door::open,"security_camera, garage_door"
255,Carol,2026-03-31,Tuesday,False,16:59:29,17:02:59,16,3,210,evening_return,arriving_home,kitchen_light::turn_on → garage_door::close → front_door_lock::unlock,"kitchen_light, garage_door, front_door_lock"
256,Carol,2026-03-31,Tuesday,False,19:48:47,20:01:54,19,2,787,evening_return,general,kitchen_light::turn_off → living_room_tv::turn_on,"kitchen_light, living_room_tv"
257,Carol,2026-04-01,Wednesday,False,06:59:31,07:05:13,6,3,342,morning_routine,morning_routine,bathroom_light::turn_on → kitchen_light::turn_on → front_door_lock::turn_on,"bathroom_light, kitchen_light, front_door_lock"
258,Carol,2026-04-01,Wednesday,False,09:05:05,09:05:10,9,2,5,late_morning,leaving_home,front_door_lock::lock → garage_door::open,"front_door_lock, garage_door"
259,Carol,2026-04-01,Wednesday,False,16:53:50,17:35:56,16,4,2526,evening_return,arriving_home,garage_door::close → kitchen_light::turn_on → front_door_lock::unlock → bathroom_light::turn_on,"garage_door, kitchen_light, front_door_lock, bathroom_light"
260,Carol,2026-04-01,Wednesday,False,19:55:05,20:04:38,19,3,573,night_routine,night_routine,kitchen_light::turn_off → living_room_tv::turn_on → smart_thermostat::turn_off,"kitchen_light, living_room_tv, smart_thermostat"
261,Carol,2026-04-02,Thursday,False,07:02:55,07:05:24,7,2,149,morning_routine,morning_routine,kitchen_light::turn_on → bathroom_light::turn_on,"kitchen_light, bathroom_light"
262,Carol,2026-04-02,Thursday,False,17:03:07,17:11:35,17,3,508,evening_return,arriving_home,front_door_lock::unlock → kitchen_light::turn_on → garage_door::close,"front_door_lock, kitchen_light, garage_door"
263,Carol,2026-04-03,Friday,False,08:52:41,09:08:32,8,3,951,late_morning,leaving_home,garage_door::open → front_door_lock::lock → garage_door::turn_on,"garage_door, front_door_lock"
264,Carol,2026-04-03,Friday,False,09:43:23,10:08:04,9,2,1481,late_morning,general,bedroom_light::turn_on → garage_door::open,"bedroom_light, garage_door"
265,Carol,2026-04-03,Friday,False,16:56:36,17:05:50,16,2,554,afternoon,general,garage_door::close → kitchen_light::turn_on,"garage_door, kitchen_light"
266,Carol,2026-04-04,Saturday,True,06:55:41,07:10:33,6,2,892,morning_routine,morning_routine,bathroom_light::turn_on → kitchen_light::turn_on,"bathroom_light, kitchen_light"
267,Carol,2026-04-04,Saturday,True,19:59:53,19:59:55,19,2,2,evening_return,general,kitchen_light::turn_off → living_room_tv::turn_on,"kitchen_light, living_room_tv"
268,Carol,2026-04-05,Sunday,True,06:48:04,07:10:35,6,2,1351,morning_routine,morning_routine,kitchen_light::turn_on → bathroom_light::turn_on,"kitchen_light, bathroom_light"
269,Carol,2026-04-05,Sunday,True,22:46:48,22:53:27,22,2,399,night_routine,night_routine,smart_thermostat::turn_on → living_room_ac::turn_on,"smart_thermostat, living_room_ac"
270,Carol,2026-04-06,Monday,False,06:49:34,06:50:02,6,2,28,morning_routine,morning_routine,kitchen_light::turn_on → bathroom_light::turn_on,"kitchen_light, bathroom_light"
271,Carol,2026-04-06,Monday,False,09:01:55,09:08:23,9,2,388,late_morning,leaving_home,garage_door::open → front_door_lock::lock,"garage_door, front_door_lock"
272,Carol,2026-04-06,Monday,False,16:54:15,16:58:09,16,3,234,afternoon,arriving_home,garage_door::close → bedroom_ac::turn_on → front_door_lock::unlock,"garage_door, bedroom_ac, front_door_lock"
273,Carol,2026-04-06,Monday,False,19:54:51,20:08:54,19,2,843,evening_return,general,living_room_tv::turn_on → kitchen_light::turn_off,"living_room_tv, kitchen_light"
274,Carol,2026-04-06,Monday,False,22:04:51,22:15:07,22,3,616,night_routine,night_routine,bathroom_light::turn_off → smart_thermostat::turn_on → smart_thermostat::turn_on,"bathroom_light, smart_thermostat"
275,Carol,2026-04-07,Tuesday,False,09:01:13,09:07:12,9,2,359,late_morning,leaving_home,garage_door::open → front_door_lock::lock,"garage_door, front_door_lock"
276,Carol,2026-04-07,Tuesday,False,09:50:35,10:10:17,9,2,1182,late_morning,general,security_camera::turn_on → garage_door::open,"security_camera, garage_door"
277,Carol,2026-04-07,Tuesday,False,16:42:06,17:04:04,16,2,1318,afternoon,general,living_room_tv::turn_on → garage_door::close,"living_room_tv, garage_door"
278,Carol,2026-04-08,Wednesday,False,06:38:41,07:12:11,6,4,2010,morning_routine,morning_routine,living_room_tv::turn_off → bathroom_light::turn_on → kitchen_light::turn_on → bathroom_light::turn_off,"living_room_tv, bathroom_light, kitchen_light"
279,Carol,2026-04-08,Wednesday,False,08:52:04,08:58:12,8,2,368,morning_routine,leaving_home,garage_door::open → front_door_lock::lock,"garage_door, front_door_lock"
280,Carol,2026-04-08,Wednesday,False,09:34:54,10:02:00,9,2,1626,late_morning,general,living_room_ac::turn_off → garage_door::open,"living_room_ac, garage_door"
281,Carol,2026-04-08,Wednesday,False,16:58:52,17:07:22,16,3,510,evening_return,arriving_home,garage_door::close → front_door_lock::unlock → kitchen_light::turn_on,"garage_door, front_door_lock, kitchen_light"
282,Carol,2026-04-08,Wednesday,False,20:00:24,20:08:46,20,2,502,night_routine,night_routine,kitchen_light::turn_off → living_room_tv::turn_on,"kitchen_light, living_room_tv"
283,Carol,2026-04-08,Wednesday,False,21:50:22,22:06:23,21,2,961,night_routine,night_routine,security_camera::turn_off → bathroom_light::turn_off,"security_camera, bathroom_light"
284,Carol,2026-04-09,Thursday,False,07:02:47,07:34:18,7,3,1891,morning_routine,morning_routine,bathroom_light::turn_on → kitchen_light::turn_on → living_room_ac::turn_on,"bathroom_light, kitchen_light, living_room_ac"
285,Carol,2026-04-09,Thursday,False,08:55:03,09:06:16,8,2,673,morning_routine,leaving_home,front_door_lock::lock → garage_door::open,"front_door_lock, garage_door"
286,Carol,2026-04-09,Thursday,False,10:23:11,10:51:42,10,2,1711,late_morning,general,living_room_ac::turn_off → security_camera::turn_on,"living_room_ac, security_camera"
287,Carol,2026-04-09,Thursday,False,16:55:06,17:06:32,16,3,686,evening_return,arriving_home,garage_door::close → kitchen_light::turn_on → front_door_lock::unlock,"garage_door, kitchen_light, front_door_lock"
288,Carol,2026-04-09,Thursday,False,18:42:55,19:06:48,18,3,1433,evening_return,general,living_room_tv::turn_on → bedroom_light::turn_on → security_camera::turn_on,"living_room_tv, bedroom_light, security_camera"
289,Carol,2026-04-09,Thursday,False,19:48:42,20:11:13,19,3,1351,evening_return,general,kitchen_light::turn_off → living_room_tv::turn_on → security_camera::turn_on,"kitchen_light, living_room_tv, security_camera"
290,Carol,2026-04-10,Friday,False,06:44:59,06:58:46,6,3,827,morning_routine,morning_routine,front_door_lock::turn_on → bathroom_light::turn_on → kitchen_light::turn_on,"front_door_lock, bathroom_light, kitchen_light"
291,Carol,2026-04-10,Friday,False,11:32:14,11:40:29,11,2,495,late_morning,general,living_room_tv::turn_on → front_door_lock::turn_off,"living_room_tv, front_door_lock"
292,Carol,2026-04-10,Friday,False,16:53:16,17:02:59,16,3,583,afternoon,arriving_home,kitchen_light::turn_on → garage_door::close → front_door_lock::unlock,"kitchen_light, garage_door, front_door_lock"
293,Carol,2026-04-11,Saturday,True,06:51:57,07:08:45,6,2,1008,morning_routine,morning_routine,bathroom_light::turn_on → kitchen_light::turn_on,"bathroom_light, kitchen_light"
294,Carol,2026-04-12,Sunday,True,06:51:57,06:53:48,6,2,111,morning_routine,morning_routine,bathroom_light::turn_on → kitchen_light::turn_on,"bathroom_light, kitchen_light"
295,Carol,2026-04-12,Sunday,True,14:18:50,14:22:21,14,2,211,afternoon,general,smart_thermostat::turn_off → smart_thermostat::turn_on,smart_thermostat
296,Carol,2026-04-13,Monday,False,04:23:54,04:25:35,4,2,101,late_night,night_routine,bedroom_ac::turn_on → bathroom_light::turn_off,"bedroom_ac, bathroom_light"
297,Carol,2026-04-13,Monday,False,07:00:49,07:10:45,7,4,596,morning_routine,morning_routine,bathroom_light::turn_on → front_door_lock::turn_off → kitchen_light::turn_on → security_camera::turn_off,"bathroom_light, front_door_lock, kitchen_light, security_camera"
298,Carol,2026-04-13,Monday,False,08:59:33,09:03:17,8,2,224,morning_routine,leaving_home,front_door_lock::lock → garage_door::open,"front_door_lock, garage_door"
299,Carol,2026-04-13,Monday,False,16:52:54,17:15:20,16,3,1346,evening_return,comfort_control,kitchen_light::turn_on → kitchen_light::turn_off → living_room_ac::turn_on,"kitchen_light, living_room_ac"
300,Carol,2026-04-13,Monday,False,20:00:53,20:08:50,20,2,477,night_routine,night_routine,living_room_tv::turn_on → kitchen_light::turn_off,"living_room_tv, kitchen_light"
301,Carol,2026-04-13,Monday,False,22:04:33,22:05:00,22,2,27,night_routine,night_routine,bedroom_light::turn_on → bathroom_light::turn_off,"bedroom_light, bathroom_light"
302,Carol,2026-04-14,Tuesday,False,08:52:13,09:03:45,8,2,692,morning_routine,leaving_home,garage_door::open → front_door_lock::lock,"garage_door, front_door_lock"
303,Carol,2026-04-14,Tuesday,False,09:51:05,10:05:48,9,3,883,late_morning,general,garage_door::open → bathroom_light::turn_on → living_room_tv::turn_on,"garage_door, bathroom_light, living_room_tv"
304,Carol,2026-04-14,Tuesday,False,17:03:28,17:08:14,17,3,286,evening_return,arriving_home,kitchen_light::turn_on → front_door_lock::unlock → garage_door::close,"kitchen_light, front_door_lock, garage_door"
305,Carol,2026-04-14,Tuesday,False,19:55:38,20:04:48,19,2,550,evening_return,general,living_room_tv::turn_on → kitchen_light::turn_off,"living_room_tv, kitchen_light"
306,Carol,2026-04-14,Tuesday,False,21:44:46,22:03:34,21,2,1128,night_routine,night_routine,front_door_lock::turn_on → bathroom_light::turn_off,"front_door_lock, bathroom_light"
307,Carol,2026-04-15,Wednesday,False,02:04:31,02:18:23,2,2,832,late_night,night_routine,security_camera::turn_off → living_room_ac::turn_on,"security_camera, living_room_ac"
308,Carol,2026-04-15,Wednesday,False,06:29:20,06:51:24,6,3,1324,morning_routine,morning_routine,garage_door::turn_on → bathroom_light::turn_on → kitchen_light::turn_on,"garage_door, bathroom_light, kitchen_light"
309,Carol,2026-04-15,Wednesday,False,08:54:24,09:03:34,8,2,550,morning_routine,leaving_home,garage_door::open → front_door_lock::lock,"garage_door, front_door_lock"
310,Carol,2026-04-15,Wednesday,False,16:42:52,17:08:47,16,4,1555,afternoon,arriving_home,living_room_tv::turn_off → front_door_lock::unlock → garage_door::close → kitchen_light::turn_on,"living_room_tv, front_door_lock, garage_door, kitchen_light"
311,Carol,2026-04-16,Thursday,False,07:02:40,07:11:16,7,2,516,morning_routine,morning_routine,bathroom_light::turn_on → kitchen_light::turn_on,"bathroom_light, kitchen_light"
312,Carol,2026-04-16,Thursday,False,16:52:51,16:56:20,16,3,209,afternoon,arriving_home,garage_door::close → front_door_lock::unlock → kitchen_light::turn_on,"garage_door, front_door_lock, kitchen_light"
313,Carol,2026-04-16,Thursday,False,19:45:17,19:52:50,19,3,453,evening_return,general,security_camera::turn_on → kitchen_light::turn_off → living_room_tv::turn_on,"security_camera, kitchen_light, living_room_tv"
314,Carol,2026-04-17,Friday,False,07:10:44,07:12:49,7,2,125,morning_routine,morning_routine,kitchen_light::turn_on → bathroom_light::turn_on,"kitchen_light, bathroom_light"
315,Carol,2026-04-17,Friday,False,08:48:48,08:58:50,8,2,602,morning_routine,leaving_home,garage_door::open → front_door_lock::lock,"garage_door, front_door_lock"
316,Carol,2026-04-17,Friday,False,17:01:34,17:09:58,17,2,504,evening_return,general,garage_door::close → kitchen_light::turn_on,"garage_door, kitchen_light"
317,Carol,2026-04-17,Friday,False,19:53:51,20:01:45,19,2,474,evening_return,general,kitchen_light::turn_off → living_room_tv::turn_on,"kitchen_light, living_room_tv"
