session_id,user_id,user_name,date,day_of_week,is_weekend,hour_start,time_label,behaviour,step,action,device_name,service,n_in_session,duration_sec
0,USR-001,Alice,2026-03-17,Tuesday,False,1,late_night,night_routine,1,bedroom_ac::turn_off,bedroom_ac,turn_off,2,269
0,USR-001,Alice,2026-03-17,Tuesday,False,1,late_night,night_routine,2,bedroom_light::turn_off,bedroom_light,turn_off,2,269
1,USR-001,Alice,2026-03-17,Tuesday,False,5,late_night,night_routine,1,living_room_tv::turn_off,living_room_tv,turn_off,4,2609
1,USR-001,Alice,2026-03-17,Tuesday,False,5,late_night,night_routine,2,kitchen_light::turn_on,kitchen_light,turn_on,4,2609
1,USR-001,Alice,2026-03-17,Tuesday,False,5,late_night,night_routine,3,bedroom_ac::turn_off,bedroom_ac,turn_off,4,2609
1,USR-001,Alice,2026-03-17,Tuesday,False,5,late_night,night_routine,4,bathroom_light::turn_on,bathroom_light,turn_on,4,2609
2,USR-001,Alice,2026-03-17,Tuesday,False,6,morning_routine,morning_routine,1,kitchen_light::turn_on,kitchen_light,turn_on,2,645
2,USR-001,Alice,2026-03-17,Tuesday,False,6,morning_routine,morning_routine,2,bedroom_light::turn_off,bedroom_light,turn_off,2,645
3,USR-001,Alice,2026-03-17,Tuesday,False,18,evening_return,arriving_home,1,front_door_lock::unlock,front_door_lock,unlock,6,6231
3,USR-001,Alice,2026-03-17,Tuesday,False,18,evening_return,arriving_home,2,kitchen_light::turn_off,kitchen_light,turn_off,6,6231
3,USR-001,Alice,2026-03-17,Tuesday,False,18,evening_return,arriving_home,3,bedroom_ac::set_temperature,bedroom_ac,set_temperature,6,6231
3,USR-001,Alice,2026-03-17,Tuesday,False,18,evening_return,arriving_home,4,bedroom_ac::turn_on,bedroom_ac,turn_on,6,6231
3,USR-001,Alice,2026-03-17,Tuesday,False,18,evening_return,arriving_home,5,kitchen_light::turn_on,kitchen_light,turn_on,6,6231
3,USR-001,Alice,2026-03-17,Tuesday,False,18,evening_return,arriving_home,6,bathroom_light::turn_on,bathroom_light,turn_on,6,6231
4,USR-001,Alice,2026-03-18,Wednesday,False,5,late_night,night_routine,1,kitchen_light::turn_off,kitchen_light,turn_off,2,1061
4,USR-001,Alice,2026-03-18,Wednesday,False,5,late_night,night_routine,2,bathroom_light::turn_on,bathroom_light,turn_on,2,1061
5,USR-001,Alice,2026-03-18,Wednesday,False,7,morning_routine,morning_routine,1,kitchen_light::turn_on,kitchen_light,turn_on,2,476
5,USR-001,Alice,2026-03-18,Wednesday,False,7,morning_routine,morning_routine,2,bedroom_light::turn_off,bedroom_light,turn_off,2,476
6,USR-001,Alice,2026-03-18,Wednesday,False,20,night_routine,night_routine,1,living_room_tv::turn_on,living_room_tv,turn_on,2,1084
6,USR-001,Alice,2026-03-18,Wednesday,False,20,night_routine,night_routine,2,bedroom_light::turn_on,bedroom_light,turn_on,2,1084
7,USR-001,Alice,2026-03-19,Thursday,False,6,morning_routine,morning_routine,1,bathroom_light::turn_on,bathroom_light,turn_on,3,654
7,USR-001,Alice,2026-03-19,Thursday,False,6,morning_routine,morning_routine,2,garage_door::turn_on,garage_door,turn_on,3,654
7,USR-001,Alice,2026-03-19,Thursday,False,6,morning_routine,morning_routine,3,security_camera::turn_off,security_camera,turn_off,3,654
8,USR-001,Alice,2026-03-19,Thursday,False,6,morning_routine,morning_routine,1,kitchen_light::turn_on,kitchen_light,turn_on,2,481
8,USR-001,Alice,2026-03-19,Thursday,False,6,morning_routine,morning_routine,2,bedroom_light::turn_off,bedroom_light,turn_off,2,481
9,USR-001,Alice,2026-03-19,Thursday,False,9,late_morning,comfort_control,1,security_camera::turn_off,security_camera,turn_off,3,1529
9,USR-001,Alice,2026-03-19,Thursday,False,9,late_morning,comfort_control,2,security_camera::turn_on,security_camera,turn_on,3,1529
9,USR-001,Alice,2026-03-19,Thursday,False,9,late_morning,comfort_control,3,bedroom_ac::turn_on,bedroom_ac,turn_on,3,1529
10,USR-001,Alice,2026-03-19,Thursday,False,17,evening_return,arriving_home,1,kitchen_light::turn_on,kitchen_light,turn_on,2,462
10,USR-001,Alice,2026-03-19,Thursday,False,17,evening_return,arriving_home,2,front_door_lock::unlock,front_door_lock,unlock,2,462
11,USR-001,Alice,2026-03-19,Thursday,False,18,evening_return,comfort_control,1,bedroom_ac::turn_on,bedroom_ac,turn_on,2,442
11,USR-001,Alice,2026-03-19,Thursday,False,18,evening_return,comfort_control,2,bedroom_ac::set_temperature,bedroom_ac,set_temperature,2,442
12,USR-001,Alice,2026-03-20,Friday,False,5,late_night,night_routine,1,bathroom_light::turn_on,bathroom_light,turn_on,2,1722
12,USR-001,Alice,2026-03-20,Friday,False,5,late_night,night_routine,2,bathroom_light::turn_off,bathroom_light,turn_off,2,1722
13,USR-001,Alice,2026-03-20,Friday,False,7,morning_routine,morning_routine,1,bedroom_light::turn_off,bedroom_light,turn_off,3,934
13,USR-001,Alice,2026-03-20,Friday,False,7,morning_routine,morning_routine,2,kitchen_light::turn_on,kitchen_light,turn_on,3,934
13,USR-001,Alice,2026-03-20,Friday,False,7,morning_routine,morning_routine,3,kitchen_light::turn_on,kitchen_light,turn_on,3,934
14,USR-001,Alice,2026-03-20,Friday,False,17,evening_return,arriving_home,1,front_door_lock::unlock,front_door_lock,unlock,2,664
14,USR-001,Alice,2026-03-20,Friday,False,17,evening_return,arriving_home,2,kitchen_light::turn_on,kitchen_light,turn_on,2,664
15,USR-001,Alice,2026-03-20,Friday,False,18,evening_return,comfort_control,1,bedroom_ac::turn_on,bedroom_ac,turn_on,2,309
15,USR-001,Alice,2026-03-20,Friday,False,18,evening_return,comfort_control,2,bedroom_ac::set_temperature,bedroom_ac,set_temperature,2,309
16,USR-001,Alice,2026-03-20,Friday,False,20,night_routine,night_routine,1,smart_thermostat::turn_on,smart_thermostat,turn_on,2,1470
16,USR-001,Alice,2026-03-20,Friday,False,20,night_routine,night_routine,2,bedroom_light::turn_on,bedroom_light,turn_on,2,1470
17,USR-001,Alice,2026-03-20,Friday,False,22,night_routine,night_routine,1,front_door_lock::turn_on,front_door_lock,turn_on,2,64
17,USR-001,Alice,2026-03-20,Friday,False,22,night_routine,night_routine,2,bedroom_ac::turn_off,bedroom_ac,turn_off,2,64
18,USR-001,Alice,2026-03-21,Saturday,True,4,late_night,night_routine,1,bedroom_light::turn_on,bedroom_light,turn_on,2,152
18,USR-001,Alice,2026-03-21,Saturday,True,4,late_night,night_routine,2,living_room_tv::turn_off,living_room_tv,turn_off,2,152
19,USR-001,Alice,2026-03-21,Saturday,True,18,evening_return,comfort_control,1,bedroom_ac::set_temperature,bedroom_ac,set_temperature,3,1196
19,USR-001,Alice,2026-03-21,Saturday,True,18,evening_return,comfort_control,2,bedroom_ac::turn_on,bedroom_ac,turn_on,3,1196
19,USR-001,Alice,2026-03-21,Saturday,True,18,evening_return,comfort_control,3,smart_thermostat::turn_off,smart_thermostat,turn_off,3,1196
20,USR-001,Alice,2026-03-22,Sunday,True,3,late_night,night_routine,1,living_room_tv::turn_off,living_room_tv,turn_off,2,1559
20,USR-001,Alice,2026-03-22,Sunday,True,3,late_night,night_routine,2,security_camera::turn_off,security_camera,turn_off,2,1559
21,USR-001,Alice,2026-03-22,Sunday,True,6,morning_routine,morning_routine,1,bedroom_light::turn_off,bedroom_light,turn_off,3,1695
21,USR-001,Alice,2026-03-22,Sunday,True,6,morning_routine,morning_routine,2,kitchen_light::turn_on,kitchen_light,turn_on,3,1695
21,USR-001,Alice,2026-03-22,Sunday,True,6,morning_routine,morning_routine,3,living_room_tv::turn_off,living_room_tv,turn_off,3,1695
22,USR-001,Alice,2026-03-22,Sunday,True,13,lunch,general,1,bedroom_light::turn_on,bedroom_light,turn_on,3,1283
22,USR-001,Alice,2026-03-22,Sunday,True,13,lunch,general,2,security_camera::turn_on,security_camera,turn_on,3,1283
22,USR-001,Alice,2026-03-22,Sunday,True,13,lunch,general,3,living_room_tv::turn_on,living_room_tv,turn_on,3,1283
23,USR-001,Alice,2026-03-22,Sunday,True,21,night_routine,night_routine,1,bedroom_light::turn_on,bedroom_light,turn_on,2,452
23,USR-001,Alice,2026-03-22,Sunday,True,21,night_routine,night_routine,2,security_camera::turn_on,security_camera,turn_on,2,452
24,USR-001,Alice,2026-03-22,Sunday,True,22,night_routine,night_routine,1,living_room_tv::turn_off,living_room_tv,turn_off,3,1954
24,USR-001,Alice,2026-03-22,Sunday,True,22,night_routine,night_routine,2,security_camera::turn_off,security_camera,turn_off,3,1954
24,USR-001,Alice,2026-03-22,Sunday,True,22,night_routine,night_routine,3,living_room_tv::turn_on,living_room_tv,turn_on,3,1954
25,USR-001,Alice,2026-03-23,Monday,False,6,morning_routine,morning_routine,1,bedroom_light::turn_off,bedroom_light,turn_off,2,965
25,USR-001,Alice,2026-03-23,Monday,False,6,morning_routine,morning_routine,2,kitchen_light::turn_on,kitchen_light,turn_on,2,965
26,USR-001,Alice,2026-03-23,Monday,False,18,evening_return,comfort_control,1,bedroom_ac::turn_on,bedroom_ac,turn_on,2,695
26,USR-001,Alice,2026-03-23,Monday,False,18,evening_return,comfort_control,2,bedroom_ac::set_temperature,bedroom_ac,set_temperature,2,695
27,USR-001,Alice,2026-03-24,Tuesday,False,6,morning_routine,leaving_home,1,bedroom_light::turn_off,bedroom_light,turn_off,4,3757
27,USR-001,Alice,2026-03-24,Tuesday,False,6,morning_routine,leaving_home,2,kitchen_light::turn_on,kitchen_light,turn_on,4,3757
27,USR-001,Alice,2026-03-24,Tuesday,False,6,morning_routine,leaving_home,3,bedroom_light::turn_on,bedroom_light,turn_on,4,3757
27,USR-001,Alice,2026-03-24,Tuesday,False,6,morning_routine,leaving_home,4,front_door_lock::lock,front_door_lock,lock,4,3757
28,USR-001,Alice,2026-03-24,Tuesday,False,19,evening_return,comfort_control,1,garage_door::turn_on,garage_door,turn_on,2,72
28,USR-001,Alice,2026-03-24,Tuesday,False,19,evening_return,comfort_control,2,bedroom_ac::turn_on,bedroom_ac,turn_on,2,72
29,USR-001,Alice,2026-03-24,Tuesday,False,23,late_night,night_routine,1,bedroom_ac::turn_off,bedroom_ac,turn_off,3,789
29,USR-001,Alice,2026-03-24,Tuesday,False,23,late_night,night_routine,2,bedroom_ac::turn_off,bedroom_ac,turn_off,3,789
29,USR-001,Alice,2026-03-24,Tuesday,False,23,late_night,night_routine,3,garage_door::turn_off,garage_door,turn_off,3,789
30,USR-001,Alice,2026-03-25,Wednesday,False,6,morning_routine,morning_routine,1,bathroom_light::turn_on,bathroom_light,turn_on,2,217
30,USR-001,Alice,2026-03-25,Wednesday,False,6,morning_routine,morning_routine,2,living_room_tv::turn_on,living_room_tv,turn_on,2,217
31,USR-001,Alice,2026-03-25,Wednesday,False,6,morning_routine,morning_routine,1,bedroom_light::turn_off,bedroom_light,turn_off,2,798
31,USR-001,Alice,2026-03-25,Wednesday,False,6,morning_routine,morning_routine,2,kitchen_light::turn_on,kitchen_light,turn_on,2,798
32,USR-001,Alice,2026-03-25,Wednesday,False,7,morning_routine,leaving_home,1,security_camera::turn_on,security_camera,turn_on,3,2527
32,USR-001,Alice,2026-03-25,Wednesday,False,7,morning_routine,leaving_home,2,front_door_lock::lock,front_door_lock,lock,3,2527
32,USR-001,Alice,2026-03-25,Wednesday,False,7,morning_routine,leaving_home,3,security_camera::turn_on,security_camera,turn_on,3,2527
33,USR-001,Alice,2026-03-25,Wednesday,False,17,evening_return,arriving_home,1,bathroom_light::turn_off,bathroom_light,turn_off,3,1326
33,USR-001,Alice,2026-03-25,Wednesday,False,17,evening_return,arriving_home,2,kitchen_light::turn_on,kitchen_light,turn_on,3,1326
33,USR-001,Alice,2026-03-25,Wednesday,False,17,evening_return,arriving_home,3,front_door_lock::unlock,front_door_lock,unlock,3,1326
34,USR-001,Alice,2026-03-25,Wednesday,False,18,evening_return,comfort_control,1,bedroom_ac::set_temperature,bedroom_ac,set_temperature,2,1020
34,USR-001,Alice,2026-03-25,Wednesday,False,18,evening_return,comfort_control,2,bedroom_ac::turn_on,bedroom_ac,turn_on,2,1020
35,USR-001,Alice,2026-03-26,Thursday,False,5,morning_routine,morning_routine,1,bathroom_light::turn_on,bathroom_light,turn_on,3,1547
35,USR-001,Alice,2026-03-26,Thursday,False,5,morning_routine,morning_routine,2,living_room_ac::turn_on,living_room_ac,turn_on,3,1547
35,USR-001,Alice,2026-03-26,Thursday,False,5,morning_routine,morning_routine,3,garage_door::turn_off,garage_door,turn_off,3,1547
36,USR-001,Alice,2026-03-26,Thursday,False,6,morning_routine,morning_routine,1,bedroom_light::turn_off,bedroom_light,turn_off,2,1234
36,USR-001,Alice,2026-03-26,Thursday,False,6,morning_routine,morning_routine,2,kitchen_light::turn_on,kitchen_light,turn_on,2,1234
37,USR-001,Alice,2026-03-26,Thursday,False,18,evening_return,arriving_home,1,kitchen_light::turn_on,kitchen_light,turn_on,2,375
37,USR-001,Alice,2026-03-26,Thursday,False,18,evening_return,arriving_home,2,front_door_lock::unlock,front_door_lock,unlock,2,375
38,USR-001,Alice,2026-03-26,Thursday,False,18,evening_return,comfort_control,1,bedroom_ac::turn_on,bedroom_ac,turn_on,2,91
38,USR-001,Alice,2026-03-26,Thursday,False,18,evening_return,comfort_control,2,bedroom_ac::set_temperature,bedroom_ac,set_temperature,2,91
39,USR-001,Alice,2026-03-27,Friday,False,6,morning_routine,morning_routine,1,bathroom_light::turn_on,bathroom_light,turn_on,2,308
39,USR-001,Alice,2026-03-27,Friday,False,6,morning_routine,morning_routine,2,security_camera::turn_off,security_camera,turn_off,2,308
40,USR-001,Alice,2026-03-27,Friday,False,6,morning_routine,morning_routine,1,kitchen_light::turn_on,kitchen_light,turn_on,3,1574
40,USR-001,Alice,2026-03-27,Friday,False,6,morning_routine,morning_routine,2,bedroom_light::turn_off,bedroom_light,turn_off,3,1574
40,USR-001,Alice,2026-03-27,Friday,False,6,morning_routine,morning_routine,3,living_room_tv::turn_off,living_room_tv,turn_off,3,1574
41,USR-001,Alice,2026-03-27,Friday,False,7,morning_routine,leaving_home,1,front_door_lock::lock,front_door_lock,lock,2,379
41,USR-001,Alice,2026-03-27,Friday,False,7,morning_routine,leaving_home,2,bathroom_light::turn_off,bathroom_light,turn_off,2,379
42,USR-001,Alice,2026-03-27,Friday,False,9,late_morning,comfort_control,1,bathroom_light::turn_on,bathroom_light,turn_on,2,1202
42,USR-001,Alice,2026-03-27,Friday,False,9,late_morning,comfort_control,2,bedroom_ac::turn_on,bedroom_ac,turn_on,2,1202
43,USR-001,Alice,2026-03-27,Friday,False,18,evening_return,arriving_home,1,front_door_lock::unlock,front_door_lock,unlock,3,1008
43,USR-001,Alice,2026-03-27,Friday,False,18,evening_return,arriving_home,2,kitchen_light::turn_on,kitchen_light,turn_on,3,1008
43,USR-001,Alice,2026-03-27,Friday,False,18,evening_return,arriving_home,3,front_door_lock::turn_on,front_door_lock,turn_on,3,1008
44,USR-001,Alice,2026-03-27,Friday,False,18,evening_return,comfort_control,1,bedroom_ac::turn_on,bedroom_ac,turn_on,2,305
44,USR-001,Alice,2026-03-27,Friday,False,18,evening_return,comfort_control,2,bedroom_ac::set_temperature,bedroom_ac,set_temperature,2,305
45,USR-001,Alice,2026-03-28,Saturday,True,5,late_night,night_routine,1,bathroom_light::turn_off,bathroom_light,turn_off,2,1754
45,USR-001,Alice,2026-03-28,Saturday,True,5,late_night,night_routine,2,bathroom_light::turn_on,bathroom_light,turn_on,2,1754
46,USR-001,Alice,2026-03-28,Saturday,True,7,morning_routine,morning_routine,1,kitchen_light::turn_on,kitchen_light,turn_on,3,328
46,USR-001,Alice,2026-03-28,Saturday,True,7,morning_routine,morning_routine,2,bedroom_light::turn_off,bedroom_light,turn_off,3,328
46,USR-001,Alice,2026-03-28,Saturday,True,7,morning_routine,morning_routine,3,living_room_tv::turn_on,living_room_tv,turn_on,3,328
47,USR-001,Alice,2026-03-28,Saturday,True,18,evening_return,comfort_control,1,bedroom_ac::set_temperature,bedroom_ac,set_temperature,2,208
47,USR-001,Alice,2026-03-28,Saturday,True,18,evening_return,comfort_control,2,bedroom_ac::turn_on,bedroom_ac,turn_on,2,208
48,USR-001,Alice,2026-03-29,Sunday,True,6,morning_routine,morning_routine,1,bedroom_light::turn_off,bedroom_light,turn_off,2,266
48,USR-001,Alice,2026-03-29,Sunday,True,6,morning_routine,morning_routine,2,kitchen_light::turn_on,kitchen_light,turn_on,2,266
49,USR-001,Alice,2026-03-29,Sunday,True,16,afternoon,comfort_control,1,bedroom_ac::turn_on,bedroom_ac,turn_on,2,1215
49,USR-001,Alice,2026-03-29,Sunday,True,16,afternoon,comfort_control,2,garage_door::turn_off,garage_door,turn_off,2,1215
50,USR-001,Alice,2026-03-29,Sunday,True,18,evening_return,comfort_control,1,bathroom_light::turn_on,bathroom_light,turn_on,3,1046
50,USR-001,Alice,2026-03-29,Sunday,True,18,evening_return,comfort_control,2,bedroom_ac::set_temperature,bedroom_ac,set_temperature,3,1046
50,USR-001,Alice,2026-03-29,Sunday,True,18,evening_return,comfort_control,3,bedroom_ac::turn_on,bedroom_ac,turn_on,3,1046
51,USR-001,Alice,2026-03-30,Monday,False,6,morning_routine,morning_routine,1,bathroom_light::turn_on,bathroom_light,turn_on,4,4115
51,USR-001,Alice,2026-03-30,Monday,False,6,morning_routine,morning_routine,2,garage_door::turn_on,garage_door,turn_on,4,4115
51,USR-001,Alice,2026-03-30,Monday,False,6,morning_routine,morning_routine,3,bedroom_light::turn_off,bedroom_light,turn_off,4,4115
51,USR-001,Alice,2026-03-30,Monday,False,6,morning_routine,morning_routine,4,kitchen_light::turn_on,kitchen_light,turn_on,4,4115
52,USR-001,Alice,2026-03-30,Monday,False,17,evening_return,arriving_home,1,front_door_lock::unlock,front_door_lock,unlock,2,798
52,USR-001,Alice,2026-03-30,Monday,False,17,evening_return,arriving_home,2,kitchen_light::turn_on,kitchen_light,turn_on,2,798
53,USR-001,Alice,2026-03-30,Monday,False,18,evening_return,comfort_control,1,bedroom_ac::set_temperature,bedroom_ac,set_temperature,3,416
53,USR-001,Alice,2026-03-30,Monday,False,18,evening_return,comfort_control,2,bedroom_ac::turn_on,bedroom_ac,turn_on,3,416
53,USR-001,Alice,2026-03-30,Monday,False,18,evening_return,comfort_control,3,security_camera::turn_off,security_camera,turn_off,3,416
54,USR-001,Alice,2026-03-30,Monday,False,21,night_routine,night_routine,1,bedroom_light::turn_on,bedroom_light,turn_on,3,1960
54,USR-001,Alice,2026-03-30,Monday,False,21,night_routine,night_routine,2,bathroom_light::turn_on,bathroom_light,turn_on,3,1960
54,USR-001,Alice,2026-03-30,Monday,False,21,night_routine,night_routine,3,smart_thermostat::turn_on,smart_thermostat,turn_on,3,1960
55,USR-001,Alice,2026-03-31,Tuesday,False,6,morning_routine,morning_routine,1,kitchen_light::turn_on,kitchen_light,turn_on,2,733
55,USR-001,Alice,2026-03-31,Tuesday,False,6,morning_routine,morning_routine,2,bedroom_light::turn_off,bedroom_light,turn_off,2,733
56,USR-001,Alice,2026-03-31,Tuesday,False,17,evening_return,arriving_home,1,front_door_lock::unlock,front_door_lock,unlock,2,17
56,USR-001,Alice,2026-03-31,Tuesday,False,17,evening_return,arriving_home,2,kitchen_light::turn_on,kitchen_light,turn_on,2,17
57,USR-001,Alice,2026-03-31,Tuesday,False,18,evening_return,comfort_control,1,bathroom_light::turn_off,bathroom_light,turn_off,3,1767
57,USR-001,Alice,2026-03-31,Tuesday,False,18,evening_return,comfort_control,2,bedroom_ac::turn_on,bedroom_ac,turn_on,3,1767
57,USR-001,Alice,2026-03-31,Tuesday,False,18,evening_return,comfort_control,3,bedroom_ac::set_temperature,bedroom_ac,set_temperature,3,1767
58,USR-001,Alice,2026-04-01,Wednesday,False,0,late_night,night_routine,1,bedroom_ac::turn_off,bedroom_ac,turn_off,2,1249
58,USR-001,Alice,2026-04-01,Wednesday,False,0,late_night,night_routine,2,garage_door::turn_on,garage_door,turn_on,2,1249
59,USR-001,Alice,2026-04-01,Wednesday,False,6,morning_routine,morning_routine,1,security_camera::turn_off,security_camera,turn_off,3,1293
59,USR-001,Alice,2026-04-01,Wednesday,False,6,morning_routine,morning_routine,2,kitchen_light::turn_on,kitchen_light,turn_on,3,1293
59,USR-001,Alice,2026-04-01,Wednesday,False,6,morning_routine,morning_routine,3,bedroom_light::turn_off,bedroom_light,turn_off,3,1293
60,USR-001,Alice,2026-04-01,Wednesday,False,18,evening_return,arriving_home,1,kitchen_light::turn_on,kitchen_light,turn_on,2,499
60,USR-001,Alice,2026-04-01,Wednesday,False,18,evening_return,arriving_home,2,front_door_lock::unlock,front_door_lock,unlock,2,499
61,USR-001,Alice,2026-04-01,Wednesday,False,18,evening_return,comfort_control,1,bedroom_ac::set_temperature,bedroom_ac,set_temperature,2,97
61,USR-001,Alice,2026-04-01,Wednesday,False,18,evening_return,comfort_control,2,bedroom_ac::turn_on,bedroom_ac,turn_on,2,97
62,USR-001,Alice,2026-04-02,Thursday,False,6,morning_routine,morning_routine,1,bathroom_light::turn_on,bathroom_light,turn_on,3,1883
62,USR-001,Alice,2026-04-02,Thursday,False,6,morning_routine,morning_routine,2,kitchen_light::turn_on,kitchen_light,turn_on,3,1883
62,USR-001,Alice,2026-04-02,Thursday,False,6,morning_routine,morning_routine,3,bedroom_light::turn_off,bedroom_light,turn_off,3,1883
63,USR-001,Alice,2026-04-02,Thursday,False,7,morning_routine,leaving_home,1,front_door_lock::lock,front_door_lock,lock,2,122
63,USR-001,Alice,2026-04-02,Thursday,False,7,morning_routine,leaving_home,2,security_camera::turn_on,security_camera,turn_on,2,122
64,USR-001,Alice,2026-04-02,Thursday,False,17,evening_return,arriving_home,1,front_door_lock::unlock,front_door_lock,unlock,2,166
64,USR-001,Alice,2026-04-02,Thursday,False,17,evening_return,arriving_home,2,kitchen_light::turn_on,kitchen_light,turn_on,2,166
65,USR-001,Alice,2026-04-02,Thursday,False,18,evening_return,comfort_control,1,garage_door::turn_off,garage_door,turn_off,3,946
65,USR-001,Alice,2026-04-02,Thursday,False,18,evening_return,comfort_control,2,bedroom_ac::set_temperature,bedroom_ac,set_temperature,3,946
65,USR-001,Alice,2026-04-02,Thursday,False,18,evening_return,comfort_control,3,bedroom_ac::turn_on,bedroom_ac,turn_on,3,946
66,USR-001,Alice,2026-04-02,Thursday,False,21,night_routine,night_routine,1,living_room_tv::turn_off,living_room_tv,turn_off,2,285
66,USR-001,Alice,2026-04-02,Thursday,False,21,night_routine,night_routine,2,bedroom_light::turn_on,bedroom_light,turn_on,2,285
67,USR-001,Alice,2026-04-02,Thursday,False,23,late_night,night_routine,1,bedroom_ac::turn_off,bedroom_ac,turn_off,2,1112
67,USR-001,Alice,2026-04-02,Thursday,False,23,late_night,night_routine,2,kitchen_light::turn_on,kitchen_light,turn_on,2,1112
68,USR-001,Alice,2026-04-03,Friday,False,7,morning_routine,morning_routine,1,bedroom_light::turn_off,bedroom_light,turn_off,3,921
68,USR-001,Alice,2026-04-03,Friday,False,7,morning_routine,morning_routine,2,kitchen_light::turn_on,kitchen_light,turn_on,3,921
68,USR-001,Alice,2026-04-03,Friday,False,7,morning_routine,morning_routine,3,garage_door::turn_off,garage_door,turn_off,3,921
69,USR-001,Alice,2026-04-03,Friday,False,17,evening_return,arriving_home,1,kitchen_light::turn_on,kitchen_light,turn_on,2,602
69,USR-001,Alice,2026-04-03,Friday,False,17,evening_return,arriving_home,2,front_door_lock::unlock,front_door_lock,unlock,2,602
70,USR-001,Alice,2026-04-03,Friday,False,18,evening_return,comfort_control,1,bedroom_ac::turn_on,bedroom_ac,turn_on,4,2564
70,USR-001,Alice,2026-04-03,Friday,False,18,evening_return,comfort_control,2,bedroom_ac::set_temperature,bedroom_ac,set_temperature,4,2564
70,USR-001,Alice,2026-04-03,Friday,False,18,evening_return,comfort_control,3,smart_thermostat::turn_off,smart_thermostat,turn_off,4,2564
70,USR-001,Alice,2026-04-03,Friday,False,18,evening_return,comfort_control,4,front_door_lock::turn_on,front_door_lock,turn_on,4,2564
71,USR-001,Alice,2026-04-03,Friday,False,22,night_routine,night_routine,1,bedroom_ac::turn_off,bedroom_ac,turn_off,2,1322
71,USR-001,Alice,2026-04-03,Friday,False,22,night_routine,night_routine,2,front_door_lock::turn_off,front_door_lock,turn_off,2,1322
72,USR-001,Alice,2026-04-04,Saturday,True,6,morning_routine,morning_routine,1,bedroom_light::turn_off,bedroom_light,turn_off,3,1046
72,USR-001,Alice,2026-04-04,Saturday,True,6,morning_routine,morning_routine,2,kitchen_light::turn_on,kitchen_light,turn_on,3,1046
72,USR-001,Alice,2026-04-04,Saturday,True,6,morning_routine,morning_routine,3,garage_door::turn_off,garage_door,turn_off,3,1046
73,USR-001,Alice,2026-04-04,Saturday,True,19,evening_return,comfort_control,1,bedroom_ac::set_temperature,bedroom_ac,set_temperature,2,49
73,USR-001,Alice,2026-04-04,Saturday,True,19,evening_return,comfort_control,2,bedroom_ac::turn_on,bedroom_ac,turn_on,2,49
74,USR-001,Alice,2026-04-04,Saturday,True,21,night_routine,night_routine,1,bedroom_light::turn_on,bedroom_light,turn_on,2,1515
74,USR-001,Alice,2026-04-04,Saturday,True,21,night_routine,night_routine,2,bedroom_ac::turn_on,bedroom_ac,turn_on,2,1515
75,USR-001,Alice,2026-04-04,Saturday,True,22,late_night,night_routine,1,front_door_lock::turn_off,front_door_lock,turn_off,3,2502
75,USR-001,Alice,2026-04-04,Saturday,True,22,late_night,night_routine,2,bedroom_ac::turn_off,bedroom_ac,turn_off,3,2502
75,USR-001,Alice,2026-04-04,Saturday,True,22,late_night,night_routine,3,smart_thermostat::turn_on,smart_thermostat,turn_on,3,2502
76,USR-001,Alice,2026-04-05,Sunday,True,6,morning_routine,morning_routine,1,bedroom_light::turn_on,bedroom_light,turn_on,3,2326
76,USR-001,Alice,2026-04-05,Sunday,True,6,morning_routine,morning_routine,2,kitchen_light::turn_on,kitchen_light,turn_on,3,2326
76,USR-001,Alice,2026-04-05,Sunday,True,6,morning_routine,morning_routine,3,bedroom_light::turn_off,bedroom_light,turn_off,3,2326
77,USR-001,Alice,2026-04-05,Sunday,True,18,evening_return,comfort_control,1,bedroom_ac::set_temperature,bedroom_ac,set_temperature,2,612
77,USR-001,Alice,2026-04-05,Sunday,True,18,evening_return,comfort_control,2,bedroom_ac::turn_on,bedroom_ac,turn_on,2,612
78,USR-001,Alice,2026-04-06,Monday,False,7,morning_routine,morning_routine,1,bedroom_light::turn_off,bedroom_light,turn_off,2,394
78,USR-001,Alice,2026-04-06,Monday,False,7,morning_routine,morning_routine,2,kitchen_light::turn_on,kitchen_light,turn_on,2,394
79,USR-001,Alice,2026-04-06,Monday,False,8,morning_routine,leaving_home,1,front_door_lock::lock,front_door_lock,lock,2,1659
79,USR-001,Alice,2026-04-06,Monday,False,8,morning_routine,leaving_home,2,garage_door::turn_on,garage_door,turn_on,2,1659
80,USR-001,Alice,2026-04-06,Monday,False,17,evening_return,arriving_home,1,front_door_lock::unlock,front_door_lock,unlock,2,193
80,USR-001,Alice,2026-04-06,Monday,False,17,evening_return,arriving_home,2,kitchen_light::turn_on,kitchen_light,turn_on,2,193
81,USR-001,Alice,2026-04-07,Tuesday,False,6,morning_routine,morning_routine,1,bedroom_light::turn_off,bedroom_light,turn_off,2,852
81,USR-001,Alice,2026-04-07,Tuesday,False,6,morning_routine,morning_routine,2,kitchen_light::turn_on,kitchen_light,turn_on,2,852
82,USR-001,Alice,2026-04-07,Tuesday,False,17,evening_return,arriving_home,1,front_door_lock::turn_on,front_door_lock,turn_on,3,599
82,USR-001,Alice,2026-04-07,Tuesday,False,17,evening_return,arriving_home,2,front_door_lock::unlock,front_door_lock,unlock,3,599
82,USR-001,Alice,2026-04-07,Tuesday,False,17,evening_return,arriving_home,3,kitchen_light::turn_on,kitchen_light,turn_on,3,599
83,USR-001,Alice,2026-04-08,Wednesday,False,7,morning_routine,morning_routine,1,kitchen_light::turn_on,kitchen_light,turn_on,2,179
83,USR-001,Alice,2026-04-08,Wednesday,False,7,morning_routine,morning_routine,2,bedroom_light::turn_off,bedroom_light,turn_off,2,179
84,USR-001,Alice,2026-04-08,Wednesday,False,9,late_morning,comfort_control,1,living_room_tv::turn_on,living_room_tv,turn_on,3,2084
84,USR-001,Alice,2026-04-08,Wednesday,False,9,late_morning,comfort_control,2,front_door_lock::turn_off,front_door_lock,turn_off,3,2084
84,USR-001,Alice,2026-04-08,Wednesday,False,9,late_morning,comfort_control,3,bedroom_ac::turn_on,bedroom_ac,turn_on,3,2084
85,USR-001,Alice,2026-04-08,Wednesday,False,17,evening_return,arriving_home,1,front_door_lock::unlock,front_door_lock,unlock,2,547
85,USR-001,Alice,2026-04-08,Wednesday,False,17,evening_return,arriving_home,2,front_door_lock::turn_on,front_door_lock,turn_on,2,547
86,USR-001,Alice,2026-04-08,Wednesday,False,18,evening_return,comfort_control,1,bedroom_ac::turn_on,bedroom_ac,turn_on,2,957
86,USR-001,Alice,2026-04-08,Wednesday,False,18,evening_return,comfort_control,2,bedroom_ac::set_temperature,bedroom_ac,set_temperature,2,957
87,USR-001,Alice,2026-04-09,Thursday,False,18,evening_return,comfort_control,1,bedroom_ac::turn_on,bedroom_ac,turn_on,2,689
87,USR-001,Alice,2026-04-09,Thursday,False,18,evening_return,comfort_control,2,kitchen_light::turn_on,kitchen_light,turn_on,2,689
88,USR-001,Alice,2026-04-09,Thursday,False,20,night_routine,night_routine,1,front_door_lock::turn_off,front_door_lock,turn_off,2,1435
88,USR-001,Alice,2026-04-09,Thursday,False,20,night_routine,night_routine,2,bedroom_light::turn_on,bedroom_light,turn_on,2,1435
89,USR-001,Alice,2026-04-10,Friday,False,0,late_night,night_routine,1,living_room_tv::turn_off,living_room_tv,turn_off,2,471
89,USR-001,Alice,2026-04-10,Friday,False,0,late_night,night_routine,2,security_camera::turn_on,security_camera,turn_on,2,471
90,USR-001,Alice,2026-04-10,Friday,False,6,morning_routine,morning_routine,1,kitchen_light::turn_on,kitchen_light,turn_on,3,1245
90,USR-001,Alice,2026-04-10,Friday,False,6,morning_routine,morning_routine,2,bedroom_light::turn_off,bedroom_light,turn_off,3,1245
90,USR-001,Alice,2026-04-10,Friday,False,6,morning_routine,morning_routine,3,living_room_ac::turn_off,living_room_ac,turn_off,3,1245
91,USR-001,Alice,2026-04-10,Friday,False,18,evening_return,arriving_home,1,kitchen_light::turn_on,kitchen_light,turn_on,2,499
91,USR-001,Alice,2026-04-10,Friday,False,18,evening_return,arriving_home,2,front_door_lock::unlock,front_door_lock,unlock,2,499
92,USR-001,Alice,2026-04-10,Friday,False,19,evening_return,comfort_control,1,bedroom_ac::set_temperature,bedroom_ac,set_temperature,2,231
92,USR-001,Alice,2026-04-10,Friday,False,19,evening_return,comfort_control,2,bedroom_ac::turn_on,bedroom_ac,turn_on,2,231
93,USR-001,Alice,2026-04-11,Saturday,True,1,late_night,night_routine,1,front_door_lock::turn_off,front_door_lock,turn_off,2,1428
93,USR-001,Alice,2026-04-11,Saturday,True,1,late_night,night_routine,2,bedroom_ac::turn_on,bedroom_ac,turn_on,2,1428
94,USR-001,Alice,2026-04-11,Saturday,True,5,late_night,night_routine,1,bedroom_light::turn_off,bedroom_light,turn_off,3,993
94,USR-001,Alice,2026-04-11,Saturday,True,5,late_night,night_routine,2,bathroom_light::turn_on,bathroom_light,turn_on,3,993
94,USR-001,Alice,2026-04-11,Saturday,True,5,late_night,night_routine,3,bathroom_light::turn_on,bathroom_light,turn_on,3,993
95,USR-001,Alice,2026-04-11,Saturday,True,22,night_routine,night_routine,1,bathroom_light::turn_off,bathroom_light,turn_off,2,1209
95,USR-001,Alice,2026-04-11,Saturday,True,22,night_routine,night_routine,2,bedroom_ac::turn_off,bedroom_ac,turn_off,2,1209
96,USR-001,Alice,2026-04-12,Sunday,True,5,late_night,night_routine,1,bathroom_light::turn_on,bathroom_light,turn_on,2,1679
96,USR-001,Alice,2026-04-12,Sunday,True,5,late_night,night_routine,2,bedroom_light::turn_off,bedroom_light,turn_off,2,1679
97,USR-001,Alice,2026-04-13,Monday,False,6,morning_routine,morning_routine,1,bathroom_light::turn_on,bathroom_light,turn_on,2,1101
97,USR-001,Alice,2026-04-13,Monday,False,6,morning_routine,morning_routine,2,bedroom_ac::turn_off,bedroom_ac,turn_off,2,1101
98,USR-001,Alice,2026-04-13,Monday,False,7,morning_routine,morning_routine,1,kitchen_light::turn_on,kitchen_light,turn_on,2,340
98,USR-001,Alice,2026-04-13,Monday,False,7,morning_routine,morning_routine,2,bedroom_light::turn_off,bedroom_light,turn_off,2,340
99,USR-001,Alice,2026-04-13,Monday,False,17,evening_return,general,1,smart_thermostat::turn_off,smart_thermostat,turn_off,2,262
99,USR-001,Alice,2026-04-13,Monday,False,17,evening_return,general,2,living_room_tv::turn_on,living_room_tv,turn_on,2,262
100,USR-001,Alice,2026-04-13,Monday,False,17,evening_return,arriving_home,1,kitchen_light::turn_on,kitchen_light,turn_on,2,775
100,USR-001,Alice,2026-04-13,Monday,False,17,evening_return,arriving_home,2,front_door_lock::unlock,front_door_lock,unlock,2,775
101,USR-001,Alice,2026-04-13,Monday,False,18,evening_return,comfort_control,1,bedroom_ac::turn_on,bedroom_ac,turn_on,2,1339
101,USR-001,Alice,2026-04-13,Monday,False,18,evening_return,comfort_control,2,bedroom_ac::set_temperature,bedroom_ac,set_temperature,2,1339
102,USR-001,Alice,2026-04-13,Monday,False,21,night_routine,night_routine,1,bathroom_light::turn_on,bathroom_light,turn_on,2,425
102,USR-001,Alice,2026-04-13,Monday,False,21,night_routine,night_routine,2,bedroom_light::turn_on,bedroom_light,turn_on,2,425
103,USR-001,Alice,2026-04-14,Tuesday,False,6,morning_routine,morning_routine,1,kitchen_light::turn_on,kitchen_light,turn_on,2,376
103,USR-001,Alice,2026-04-14,Tuesday,False,6,morning_routine,morning_routine,2,bedroom_light::turn_off,bedroom_light,turn_off,2,376
104,USR-001,Alice,2026-04-14,Tuesday,False,17,evening_return,arriving_home,1,front_door_lock::unlock,front_door_lock,unlock,6,4122
104,USR-001,Alice,2026-04-14,Tuesday,False,17,evening_return,arriving_home,2,smart_thermostat::turn_on,smart_thermostat,turn_on,6,4122
104,USR-001,Alice,2026-04-14,Tuesday,False,17,evening_return,arriving_home,3,kitchen_light::turn_on,kitchen_light,turn_on,6,4122
104,USR-001,Alice,2026-04-14,Tuesday,False,17,evening_return,arriving_home,4,smart_thermostat::turn_off,smart_thermostat,turn_off,6,4122
104,USR-001,Alice,2026-04-14,Tuesday,False,17,evening_return,arriving_home,5,bedroom_ac::set_temperature,bedroom_ac,set_temperature,6,4122
104,USR-001,Alice,2026-04-14,Tuesday,False,17,evening_return,arriving_home,6,bedroom_ac::turn_on,bedroom_ac,turn_on,6,4122
105,USR-001,Alice,2026-04-15,Wednesday,False,6,morning_routine,morning_routine,1,living_room_tv::turn_off,living_room_tv,turn_off,2,1111
105,USR-001,Alice,2026-04-15,Wednesday,False,6,morning_routine,morning_routine,2,kitchen_light::turn_on,kitchen_light,turn_on,2,1111
106,USR-001,Alice,2026-04-15,Wednesday,False,9,late_morning,general,1,front_door_lock::turn_off,front_door_lock,turn_off,2,521
106,USR-001,Alice,2026-04-15,Wednesday,False,9,late_morning,general,2,bedroom_light::turn_on,bedroom_light,turn_on,2,521
107,USR-001,Alice,2026-04-15,Wednesday,False,18,evening_return,arriving_home,1,kitchen_light::turn_on,kitchen_light,turn_on,2,475
107,USR-001,Alice,2026-04-15,Wednesday,False,18,evening_return,arriving_home,2,front_door_lock::unlock,front_door_lock,unlock,2,475
108,USR-001,Alice,2026-04-16,Thursday,False,6,morning_routine,morning_routine,1,kitchen_light::turn_on,kitchen_light,turn_on,2,431
108,USR-001,Alice,2026-04-16,Thursday,False,6,morning_routine,morning_routine,2,bedroom_light::turn_off,bedroom_light,turn_off,2,431
109,USR-001,Alice,2026-04-16,Thursday,False,18,evening_return,arriving_home,1,front_door_lock::unlock,front_door_lock,unlock,2,134
109,USR-001,Alice,2026-04-16,Thursday,False,18,evening_return,arriving_home,2,kitchen_light::turn_on,kitchen_light,turn_on,2,134
110,USR-001,Alice,2026-04-16,Thursday,False,18,evening_return,comfort_control,1,security_camera::turn_on,security_camera,turn_on,3,1362
110,USR-001,Alice,2026-04-16,Thursday,False,18,evening_return,comfort_control,2,bedroom_ac::set_temperature,bedroom_ac,set_temperature,3,1362
110,USR-001,Alice,2026-04-16,Thursday,False,18,evening_return,comfort_control,3,bedroom_ac::turn_on,bedroom_ac,turn_on,3,1362
111,USR-001,Alice,2026-04-17,Friday,False,7,morning_routine,morning_routine,1,kitchen_light::turn_on,kitchen_light,turn_on,2,22
111,USR-001,Alice,2026-04-17,Friday,False,7,morning_routine,morning_routine,2,bedroom_light::turn_off,bedroom_light,turn_off,2,22
112,USR-002,Bob,2026-03-17,Tuesday,False,9,late_morning,comfort_control,1,living_room_ac::turn_on,living_room_ac,turn_on,2,483
112,USR-002,Bob,2026-03-17,Tuesday,False,9,late_morning,comfort_control,2,living_room_ac::set_temperature,living_room_ac,set_temperature,2,483
113,USR-002,Bob,2026-03-17,Tuesday,False,19,night_routine,night_routine,1,living_room_tv::turn_on,living_room_tv,turn_on,3,3109
113,USR-002,Bob,2026-03-17,Tuesday,False,19,night_routine,night_routine,2,living_room_ac::turn_on,living_room_ac,turn_on,3,3109
113,USR-002,Bob,2026-03-17,Tuesday,False,19,night_routine,night_routine,3,bedroom_light::turn_on,bedroom_light,turn_on,3,3109
114,USR-002,Bob,2026-03-18,Wednesday,False,10,late_morning,comfort_control,1,living_room_ac::set_temperature,living_room_ac,set_temperature,2,245
114,USR-002,Bob,2026-03-18,Wednesday,False,10,late_morning,comfort_control,2,living_room_ac::turn_on,living_room_ac,turn_on,2,245
115,USR-002,Bob,2026-03-18,Wednesday,False,19,evening_return,comfort_control,1,living_room_tv::turn_on,living_room_tv,turn_on,4,1271
115,USR-002,Bob,2026-03-18,Wednesday,False,19,evening_return,comfort_control,2,bedroom_light::turn_on,bedroom_light,turn_on,4,1271
115,USR-002,Bob,2026-03-18,Wednesday,False,19,evening_return,comfort_control,3,bathroom_light::turn_on,bathroom_light,turn_on,4,1271
115,USR-002,Bob,2026-03-18,Wednesday,False,19,evening_return,comfort_control,4,living_room_ac::turn_on,living_room_ac,turn_on,4,1271
116,USR-002,Bob,2026-03-18,Wednesday,False,22,night_routine,night_routine,1,smart_thermostat::set_temperature,smart_thermostat,set_temperature,2,448
116,USR-002,Bob,2026-03-18,Wednesday,False,22,night_routine,night_routine,2,living_room_tv::turn_off,living_room_tv,turn_off,2,448
117,USR-002,Bob,2026-03-19,Thursday,False,4,late_night,night_routine,1,bedroom_light::turn_off,bedroom_light,turn_off,2,547
117,USR-002,Bob,2026-03-19,Thursday,False,4,late_night,night_routine,2,front_door_lock::turn_off,front_door_lock,turn_off,2,547
118,USR-002,Bob,2026-03-19,Thursday,False,9,late_morning,comfort_control,1,living_room_ac::set_temperature,living_room_ac,set_temperature,2,1049
118,USR-002,Bob,2026-03-19,Thursday,False,9,late_morning,comfort_control,2,living_room_ac::turn_on,living_room_ac,turn_on,2,1049
119,USR-002,Bob,2026-03-19,Thursday,False,11,late_morning,general,1,smart_thermostat::turn_off,smart_thermostat,turn_off,2,1010
119,USR-002,Bob,2026-03-19,Thursday,False,11,late_morning,general,2,living_room_ac::turn_off,living_room_ac,turn_off,2,1010
120,USR-002,Bob,2026-03-19,Thursday,False,19,evening_return,comfort_control,1,living_room_ac::turn_on,living_room_ac,turn_on,2,123
120,USR-002,Bob,2026-03-19,Thursday,False,19,evening_return,comfort_control,2,living_room_tv::turn_on,living_room_tv,turn_on,2,123
121,USR-002,Bob,2026-03-19,Thursday,False,23,late_night,night_routine,1,smart_thermostat::set_temperature,smart_thermostat,set_temperature,2,118
121,USR-002,Bob,2026-03-19,Thursday,False,23,late_night,night_routine,2,living_room_tv::turn_off,living_room_tv,turn_off,2,118
122,USR-002,Bob,2026-03-20,Friday,False,0,late_night,night_routine,1,bedroom_ac::turn_on,bedroom_ac,turn_on,2,726
122,USR-002,Bob,2026-03-20,Friday,False,0,late_night,night_routine,2,garage_door::turn_off,garage_door,turn_off,2,726
123,USR-002,Bob,2026-03-20,Friday,False,9,late_morning,comfort_control,1,living_room_ac::turn_on,living_room_ac,turn_on,3,913
123,USR-002,Bob,2026-03-20,Friday,False,9,late_morning,comfort_control,2,living_room_ac::set_temperature,living_room_ac,set_temperature,3,913
123,USR-002,Bob,2026-03-20,Friday,False,9,late_morning,comfort_control,3,front_door_lock::turn_off,front_door_lock,turn_off,3,913
124,USR-002,Bob,2026-03-20,Friday,False,13,lunch,comfort_control,1,smart_thermostat::set_temperature,smart_thermostat,set_temperature,3,2045
124,USR-002,Bob,2026-03-20,Friday,False,13,lunch,comfort_control,2,living_room_ac::turn_on,living_room_ac,turn_on,3,2045
124,USR-002,Bob,2026-03-20,Friday,False,13,lunch,comfort_control,3,bathroom_light::turn_on,bathroom_light,turn_on,3,2045
125,USR-002,Bob,2026-03-20,Friday,False,19,evening_return,comfort_control,1,living_room_ac::turn_on,living_room_ac,turn_on,2,1268
125,USR-002,Bob,2026-03-20,Friday,False,19,evening_return,comfort_control,2,living_room_tv::turn_on,living_room_tv,turn_on,2,1268
126,USR-002,Bob,2026-03-20,Friday,False,22,night_routine,night_routine,1,living_room_tv::turn_off,living_room_tv,turn_off,2,382
126,USR-002,Bob,2026-03-20,Friday,False,22,night_routine,night_routine,2,smart_thermostat::set_temperature,smart_thermostat,set_temperature,2,382
127,USR-002,Bob,2026-03-21,Saturday,True,9,late_morning,general,1,living_room_tv::turn_on,living_room_tv,turn_on,2,983
127,USR-002,Bob,2026-03-21,Saturday,True,9,late_morning,general,2,garage_door::turn_on,garage_door,turn_on,2,983
128,USR-002,Bob,2026-03-21,Saturday,True,10,late_morning,comfort_control,1,living_room_ac::turn_on,living_room_ac,turn_on,5,3584
128,USR-002,Bob,2026-03-21,Saturday,True,10,late_morning,comfort_control,2,living_room_ac::set_temperature,living_room_ac,set_temperature,5,3584
128,USR-002,Bob,2026-03-21,Saturday,True,10,late_morning,comfort_control,3,bedroom_light::turn_on,bedroom_light,turn_on,5,3584
128,USR-002,Bob,2026-03-21,Saturday,True,10,late_morning,comfort_control,4,garage_door::turn_off,garage_door,turn_off,5,3584
128,USR-002,Bob,2026-03-21,Saturday,True,10,late_morning,comfort_control,5,living_room_tv::turn_on,living_room_tv,turn_on,5,3584
129,USR-002,Bob,2026-03-21,Saturday,True,19,evening_return,comfort_control,1,living_room_tv::turn_on,living_room_tv,turn_on,3,1226
129,USR-002,Bob,2026-03-21,Saturday,True,19,evening_return,comfort_control,2,living_room_ac::turn_on,living_room_ac,turn_on,3,1226
129,USR-002,Bob,2026-03-21,Saturday,True,19,evening_return,comfort_control,3,security_camera::turn_off,security_camera,turn_off,3,1226
130,USR-002,Bob,2026-03-21,Saturday,True,23,late_night,night_routine,1,smart_thermostat::set_temperature,smart_thermostat,set_temperature,2,406
130,USR-002,Bob,2026-03-21,Saturday,True,23,late_night,night_routine,2,living_room_tv::turn_off,living_room_tv,turn_off,2,406
131,USR-002,Bob,2026-03-22,Sunday,True,8,morning_routine,morning_routine,1,living_room_tv::turn_on,living_room_tv,turn_on,2,1347
131,USR-002,Bob,2026-03-22,Sunday,True,8,morning_routine,morning_routine,2,kitchen_light::turn_off,kitchen_light,turn_off,2,1347
132,USR-002,Bob,2026-03-22,Sunday,True,9,late_morning,comfort_control,1,living_room_ac::turn_on,living_room_ac,turn_on,2,572
132,USR-002,Bob,2026-03-22,Sunday,True,9,late_morning,comfort_control,2,living_room_ac::set_temperature,living_room_ac,set_temperature,2,572
133,USR-002,Bob,2026-03-22,Sunday,True,11,late_morning,general,1,living_room_tv::turn_on,living_room_tv,turn_on,2,910
133,USR-002,Bob,2026-03-22,Sunday,True,11,late_morning,general,2,bedroom_ac::turn_off,bedroom_ac,turn_off,2,910
134,USR-002,Bob,2026-03-22,Sunday,True,22,night_routine,night_routine,1,smart_thermostat::set_temperature,smart_thermostat,set_temperature,2,537
134,USR-002,Bob,2026-03-22,Sunday,True,22,night_routine,night_routine,2,living_room_tv::turn_off,living_room_tv,turn_off,2,537
135,USR-002,Bob,2026-03-23,Monday,False,13,lunch,comfort_control,1,smart_thermostat::set_temperature,smart_thermostat,set_temperature,2,1247
135,USR-002,Bob,2026-03-23,Monday,False,13,lunch,comfort_control,2,bedroom_ac::turn_on,bedroom_ac,turn_on,2,1247
136,USR-002,Bob,2026-03-23,Monday,False,19,evening_return,comfort_control,1,living_room_tv::turn_on,living_room_tv,turn_on,2,967
136,USR-002,Bob,2026-03-23,Monday,False,19,evening_return,comfort_control,2,living_room_ac::turn_on,living_room_ac,turn_on,2,967
137,USR-002,Bob,2026-03-23,Monday,False,20,night_routine,night_routine,1,front_door_lock::turn_off,front_door_lock,turn_off,2,1477
137,USR-002,Bob,2026-03-23,Monday,False,20,night_routine,night_routine,2,security_camera::turn_on,security_camera,turn_on,2,1477
138,USR-002,Bob,2026-03-23,Monday,False,22,night_routine,night_routine,1,living_room_tv::turn_off,living_room_tv,turn_off,2,64
138,USR-002,Bob,2026-03-23,Monday,False,22,night_routine,night_routine,2,smart_thermostat::set_temperature,smart_thermostat,set_temperature,2,64
139,USR-002,Bob,2026-03-24,Tuesday,False,8,morning_routine,morning_routine,1,bedroom_light::turn_on,bedroom_light,turn_on,2,1558
139,USR-002,Bob,2026-03-24,Tuesday,False,8,morning_routine,morning_routine,2,living_room_tv::turn_on,living_room_tv,turn_on,2,1558
140,USR-002,Bob,2026-03-24,Tuesday,False,19,evening_return,comfort_control,1,smart_thermostat::turn_off,smart_thermostat,turn_off,3,516
140,USR-002,Bob,2026-03-24,Tuesday,False,19,evening_return,comfort_control,2,living_room_tv::turn_on,living_room_tv,turn_on,3,516
140,USR-002,Bob,2026-03-24,Tuesday,False,19,evening_return,comfort_control,3,living_room_ac::turn_on,living_room_ac,turn_on,3,516
141,USR-002,Bob,2026-03-25,Wednesday,False,9,late_morning,comfort_control,1,living_room_ac::turn_on,living_room_ac,turn_on,4,1639
141,USR-002,Bob,2026-03-25,Wednesday,False,9,late_morning,comfort_control,2,living_room_ac::set_temperature,living_room_ac,set_temperature,4,1639
141,USR-002,Bob,2026-03-25,Wednesday,False,9,late_morning,comfort_control,3,smart_thermostat::turn_on,smart_thermostat,turn_on,4,1639
141,USR-002,Bob,2026-03-25,Wednesday,False,9,late_morning,comfort_control,4,living_room_ac::turn_off,living_room_ac,turn_off,4,1639
142,USR-002,Bob,2026-03-25,Wednesday,False,19,evening_return,comfort_control,1,living_room_tv::turn_on,living_room_tv,turn_on,2,153
142,USR-002,Bob,2026-03-25,Wednesday,False,19,evening_return,comfort_control,2,living_room_ac::turn_on,living_room_ac,turn_on,2,153
143,USR-002,Bob,2026-03-25,Wednesday,False,23,late_night,night_routine,1,smart_thermostat::set_temperature,smart_thermostat,set_temperature,2,542
143,USR-002,Bob,2026-03-25,Wednesday,False,23,late_night,night_routine,2,living_room_tv::turn_off,living_room_tv,turn_off,2,542
144,USR-002,Bob,2026-03-26,Thursday,False,2,late_night,night_routine,1,garage_door::turn_off,garage_door,turn_off,2,522
144,USR-002,Bob,2026-03-26,Thursday,False,2,late_night,night_routine,2,living_room_tv::turn_on,living_room_tv,turn_on,2,522
145,USR-002,Bob,2026-03-26,Thursday,False,10,late_morning,comfort_control,1,living_room_ac::turn_on,living_room_ac,turn_on,2,546
145,USR-002,Bob,2026-03-26,Thursday,False,10,late_morning,comfort_control,2,living_room_ac::set_temperature,living_room_ac,set_temperature,2,546
146,USR-002,Bob,2026-03-26,Thursday,False,13,lunch,general,1,smart_thermostat::set_temperature,smart_thermostat,set_temperature,2,614
146,USR-002,Bob,2026-03-26,Thursday,False,13,lunch,general,2,kitchen_light::turn_off,kitchen_light,turn_off,2,614
147,USR-002,Bob,2026-03-26,Thursday,False,19,evening_return,comfort_control,1,living_room_tv::turn_on,living_room_tv,turn_on,2,206
147,USR-002,Bob,2026-03-26,Thursday,False,19,evening_return,comfort_control,2,living_room_ac::turn_on,living_room_ac,turn_on,2,206
148,USR-002,Bob,2026-03-26,Thursday,False,23,late_night,night_routine,1,living_room_tv::turn_off,living_room_tv,turn_off,2,326
148,USR-002,Bob,2026-03-26,Thursday,False,23,late_night,night_routine,2,smart_thermostat::set_temperature,smart_thermostat,set_temperature,2,326
149,USR-002,Bob,2026-03-27,Friday,False,9,late_morning,comfort_control,1,living_room_ac::turn_on,living_room_ac,turn_on,2,687
149,USR-002,Bob,2026-03-27,Friday,False,9,late_morning,comfort_control,2,living_room_ac::set_temperature,living_room_ac,set_temperature,2,687
150,USR-002,Bob,2026-03-27,Friday,False,19,evening_return,general,1,smart_thermostat::turn_off,smart_thermostat,turn_off,3,1749
150,USR-002,Bob,2026-03-27,Friday,False,19,evening_return,general,2,bathroom_light::turn_on,bathroom_light,turn_on,3,1749
150,USR-002,Bob,2026-03-27,Friday,False,19,evening_return,general,3,living_room_tv::turn_on,living_room_tv,turn_on,3,1749
151,USR-002,Bob,2026-03-27,Friday,False,22,night_routine,night_routine,1,smart_thermostat::set_temperature,smart_thermostat,set_temperature,2,309
151,USR-002,Bob,2026-03-27,Friday,False,22,night_routine,night_routine,2,living_room_tv::turn_off,living_room_tv,turn_off,2,309
152,USR-002,Bob,2026-03-28,Saturday,True,4,late_night,night_routine,1,garage_door::turn_on,garage_door,turn_on,2,518
152,USR-002,Bob,2026-03-28,Saturday,True,4,late_night,night_routine,2,bathroom_light::turn_off,bathroom_light,turn_off,2,518
153,USR-002,Bob,2026-03-28,Saturday,True,17,evening_return,general,1,garage_door::turn_on,garage_door,turn_on,4,1714
153,USR-002,Bob,2026-03-28,Saturday,True,17,evening_return,general,2,garage_door::turn_on,garage_door,turn_on,4,1714
153,USR-002,Bob,2026-03-28,Saturday,True,17,evening_return,general,3,living_room_tv::turn_on,living_room_tv,turn_on,4,1714
153,USR-002,Bob,2026-03-28,Saturday,True,17,evening_return,general,4,bathroom_light::turn_on,bathroom_light,turn_on,4,1714
154,USR-002,Bob,2026-03-28,Saturday,True,22,night_routine,night_routine,1,living_room_tv::turn_off,living_room_tv,turn_off,2,978
154,USR-002,Bob,2026-03-28,Saturday,True,22,night_routine,night_routine,2,smart_thermostat::set_temperature,smart_thermostat,set_temperature,2,978
155,USR-002,Bob,2026-03-29,Sunday,True,9,late_morning,comfort_control,1,living_room_ac::set_temperature,living_room_ac,set_temperature,2,301
155,USR-002,Bob,2026-03-29,Sunday,True,9,late_morning,comfort_control,2,living_room_ac::turn_on,living_room_ac,turn_on,2,301
156,USR-002,Bob,2026-03-29,Sunday,True,22,night_routine,night_routine,1,living_room_tv::turn_off,living_room_tv,turn_off,2,546
156,USR-002,Bob,2026-03-29,Sunday,True,22,night_routine,night_routine,2,smart_thermostat::set_temperature,smart_thermostat,set_temperature,2,546
157,USR-002,Bob,2026-03-30,Monday,False,19,evening_return,comfort_control,1,living_room_ac::turn_on,living_room_ac,turn_on,3,823
157,USR-002,Bob,2026-03-30,Monday,False,19,evening_return,comfort_control,2,living_room_tv::turn_on,living_room_tv,turn_on,3,823
157,USR-002,Bob,2026-03-30,Monday,False,19,evening_return,comfort_control,3,living_room_ac::turn_on,living_room_ac,turn_on,3,823
158,USR-002,Bob,2026-03-30,Monday,False,23,late_night,night_routine,1,smart_thermostat::set_temperature,smart_thermostat,set_temperature,2,169
158,USR-002,Bob,2026-03-30,Monday,False,23,late_night,night_routine,2,living_room_tv::turn_off,living_room_tv,turn_off,2,169
159,USR-002,Bob,2026-03-31,Tuesday,False,9,late_morning,comfort_control,1,living_room_ac::set_temperature,living_room_ac,set_temperature,2,773
159,USR-002,Bob,2026-03-31,Tuesday,False,9,late_morning,comfort_control,2,living_room_ac::turn_on,living_room_ac,turn_on,2,773
160,USR-002,Bob,2026-03-31,Tuesday,False,19,evening_return,comfort_control,1,security_camera::turn_off,security_camera,turn_off,4,1920
160,USR-002,Bob,2026-03-31,Tuesday,False,19,evening_return,comfort_control,2,living_room_tv::turn_on,living_room_tv,turn_on,4,1920
160,USR-002,Bob,2026-03-31,Tuesday,False,19,evening_return,comfort_control,3,kitchen_light::turn_off,kitchen_light,turn_off,4,1920
160,USR-002,Bob,2026-03-31,Tuesday,False,19,evening_return,comfort_control,4,living_room_ac::turn_on,living_room_ac,turn_on,4,1920
161,USR-002,Bob,2026-03-31,Tuesday,False,22,night_routine,night_routine,1,smart_thermostat::turn_off,smart_thermostat,turn_off,2,1024
161,USR-002,Bob,2026-03-31,Tuesday,False,22,night_routine,night_routine,2,living_room_tv::turn_off,living_room_tv,turn_off,2,1024
162,USR-002,Bob,2026-04-01,Wednesday,False,9,late_morning,comfort_control,1,living_room_ac::turn_on,living_room_ac,turn_on,2,725
162,USR-002,Bob,2026-04-01,Wednesday,False,9,late_morning,comfort_control,2,bedroom_ac::turn_off,bedroom_ac,turn_off,2,725
163,USR-002,Bob,2026-04-01,Wednesday,False,10,late_morning,general,1,front_door_lock::turn_on,front_door_lock,turn_on,2,1213
163,USR-002,Bob,2026-04-01,Wednesday,False,10,late_morning,general,2,living_room_tv::turn_on,living_room_tv,turn_on,2,1213
164,USR-002,Bob,2026-04-01,Wednesday,False,19,evening_return,comfort_control,1,living_room_ac::turn_on,living_room_ac,turn_on,2,251
164,USR-002,Bob,2026-04-01,Wednesday,False,19,evening_return,comfort_control,2,living_room_tv::turn_on,living_room_tv,turn_on,2,251
165,USR-002,Bob,2026-04-01,Wednesday,False,23,late_night,night_routine,1,living_room_tv::turn_off,living_room_tv,turn_off,3,143
165,USR-002,Bob,2026-04-01,Wednesday,False,23,late_night,night_routine,2,smart_thermostat::turn_off,smart_thermostat,turn_off,3,143
165,USR-002,Bob,2026-04-01,Wednesday,False,23,late_night,night_routine,3,smart_thermostat::set_temperature,smart_thermostat,set_temperature,3,143
166,USR-002,Bob,2026-04-02,Thursday,False,13,lunch,comfort_control,1,living_room_tv::turn_off,living_room_tv,turn_off,3,1431
166,USR-002,Bob,2026-04-02,Thursday,False,13,lunch,comfort_control,2,smart_thermostat::set_temperature,smart_thermostat,set_temperature,3,1431
166,USR-002,Bob,2026-04-02,Thursday,False,13,lunch,comfort_control,3,living_room_ac::turn_on,living_room_ac,turn_on,3,1431
167,USR-002,Bob,2026-04-02,Thursday,False,19,evening_return,comfort_control,1,living_room_ac::turn_on,living_room_ac,turn_on,2,377
167,USR-002,Bob,2026-04-02,Thursday,False,19,evening_return,comfort_control,2,living_room_tv::turn_on,living_room_tv,turn_on,2,377
168,USR-002,Bob,2026-04-02,Thursday,False,23,late_night,night_routine,1,living_room_tv::turn_off,living_room_tv,turn_off,2,566
168,USR-002,Bob,2026-04-02,Thursday,False,23,late_night,night_routine,2,smart_thermostat::set_temperature,smart_thermostat,set_temperature,2,566
169,USR-002,Bob,2026-04-03,Friday,False,9,late_morning,comfort_control,1,living_room_ac::set_temperature,living_room_ac,set_temperature,4,3490
169,USR-002,Bob,2026-04-03,Friday,False,9,late_morning,comfort_control,2,living_room_ac::turn_on,living_room_ac,turn_on,4,3490
169,USR-002,Bob,2026-04-03,Friday,False,9,late_morning,comfort_control,3,living_room_tv::turn_on,living_room_tv,turn_on,4,3490
169,USR-002,Bob,2026-04-03,Friday,False,9,late_morning,comfort_control,4,living_room_tv::turn_on,living_room_tv,turn_on,4,3490
170,USR-002,Bob,2026-04-03,Friday,False,19,evening_return,comfort_control,1,living_room_ac::turn_on,living_room_ac,turn_on,2,854
170,USR-002,Bob,2026-04-03,Friday,False,19,evening_return,comfort_control,2,living_room_tv::turn_on,living_room_tv,turn_on,2,854
171,USR-002,Bob,2026-04-04,Saturday,True,9,late_morning,comfort_control,1,living_room_ac::set_temperature,living_room_ac,set_temperature,2,56
171,USR-002,Bob,2026-04-04,Saturday,True,9,late_morning,comfort_control,2,living_room_ac::turn_on,living_room_ac,turn_on,2,56
172,USR-002,Bob,2026-04-04,Saturday,True,20,night_routine,night_routine,1,living_room_ac::turn_on,living_room_ac,turn_on,2,263
172,USR-002,Bob,2026-04-04,Saturday,True,20,night_routine,night_routine,2,living_room_tv::turn_on,living_room_tv,turn_on,2,263
173,USR-002,Bob,2026-04-04,Saturday,True,23,late_night,night_routine,1,smart_thermostat::set_temperature,smart_thermostat,set_temperature,2,246
173,USR-002,Bob,2026-04-04,Saturday,True,23,late_night,night_routine,2,living_room_tv::turn_off,living_room_tv,turn_off,2,246
174,USR-002,Bob,2026-04-05,Sunday,True,12,lunch,general,1,living_room_tv::turn_on,living_room_tv,turn_on,2,236
174,USR-002,Bob,2026-04-05,Sunday,True,12,lunch,general,2,bedroom_light::turn_off,bedroom_light,turn_off,2,236
175,USR-002,Bob,2026-04-06,Monday,False,20,night_routine,night_routine,1,living_room_ac::turn_on,living_room_ac,turn_on,2,485
175,USR-002,Bob,2026-04-06,Monday,False,20,night_routine,night_routine,2,living_room_tv::turn_on,living_room_tv,turn_on,2,485
176,USR-002,Bob,2026-04-07,Tuesday,False,4,late_night,night_routine,1,smart_thermostat::turn_off,smart_thermostat,turn_off,2,1108
176,USR-002,Bob,2026-04-07,Tuesday,False,4,late_night,night_routine,2,front_door_lock::turn_on,front_door_lock,turn_on,2,1108
177,USR-002,Bob,2026-04-07,Tuesday,False,9,late_morning,comfort_control,1,living_room_ac::set_temperature,living_room_ac,set_temperature,3,1436
177,USR-002,Bob,2026-04-07,Tuesday,False,9,late_morning,comfort_control,2,living_room_ac::turn_on,living_room_ac,turn_on,3,1436
177,USR-002,Bob,2026-04-07,Tuesday,False,9,late_morning,comfort_control,3,front_door_lock::turn_on,front_door_lock,turn_on,3,1436
178,USR-002,Bob,2026-04-07,Tuesday,False,12,lunch,general,1,living_room_tv::turn_on,living_room_tv,turn_on,2,223
178,USR-002,Bob,2026-04-07,Tuesday,False,12,lunch,general,2,smart_thermostat::set_temperature,smart_thermostat,set_temperature,2,223
179,USR-002,Bob,2026-04-07,Tuesday,False,19,evening_return,comfort_control,1,living_room_tv::turn_on,living_room_tv,turn_on,2,1208
179,USR-002,Bob,2026-04-07,Tuesday,False,19,evening_return,comfort_control,2,living_room_ac::turn_on,living_room_ac,turn_on,2,1208
180,USR-002,Bob,2026-04-07,Tuesday,False,23,late_night,night_routine,1,smart_thermostat::set_temperature,smart_thermostat,set_temperature,3,323
180,USR-002,Bob,2026-04-07,Tuesday,False,23,late_night,night_routine,2,living_room_tv::turn_off,living_room_tv,turn_off,3,323
180,USR-002,Bob,2026-04-07,Tuesday,False,23,late_night,night_routine,3,living_room_ac::turn_off,living_room_ac,turn_off,3,323
181,USR-002,Bob,2026-04-08,Wednesday,False,9,late_morning,comfort_control,1,living_room_ac::turn_on,living_room_ac,turn_on,2,536
181,USR-002,Bob,2026-04-08,Wednesday,False,9,late_morning,comfort_control,2,living_room_ac::set_temperature,living_room_ac,set_temperature,2,536
182,USR-002,Bob,2026-04-08,Wednesday,False,12,lunch,general,1,living_room_tv::turn_off,living_room_tv,turn_off,2,868
182,USR-002,Bob,2026-04-08,Wednesday,False,12,lunch,general,2,smart_thermostat::set_temperature,smart_thermostat,set_temperature,2,868
183,USR-002,Bob,2026-04-09,Thursday,False,8,late_morning,comfort_control,1,living_room_tv::turn_on,living_room_tv,turn_on,4,3681
183,USR-002,Bob,2026-04-09,Thursday,False,8,late_morning,comfort_control,2,bedroom_light::turn_on,bedroom_light,turn_on,4,3681
183,USR-002,Bob,2026-04-09,Thursday,False,8,late_morning,comfort_control,3,living_room_ac::turn_on,living_room_ac,turn_on,4,3681
183,USR-002,Bob,2026-04-09,Thursday,False,8,late_morning,comfort_control,4,living_room_ac::set_temperature,living_room_ac,set_temperature,4,3681
184,USR-002,Bob,2026-04-09,Thursday,False,19,evening_return,comfort_control,1,smart_thermostat::turn_off,smart_thermostat,turn_off,4,2338
184,USR-002,Bob,2026-04-09,Thursday,False,19,evening_return,comfort_control,2,front_door_lock::turn_on,front_door_lock,turn_on,4,2338
184,USR-002,Bob,2026-04-09,Thursday,False,19,evening_return,comfort_control,3,living_room_tv::turn_on,living_room_tv,turn_on,4,2338
184,USR-002,Bob,2026-04-09,Thursday,False,19,evening_return,comfort_control,4,living_room_ac::turn_on,living_room_ac,turn_on,4,2338
185,USR-002,Bob,2026-04-10,Friday,False,9,late_morning,comfort_control,1,living_room_ac::turn_on,living_room_ac,turn_on,2,257
185,USR-002,Bob,2026-04-10,Friday,False,9,late_morning,comfort_control,2,living_room_ac::set_temperature,living_room_ac,set_temperature,2,257
186,USR-002,Bob,2026-04-10,Friday,False,19,evening_return,comfort_control,1,living_room_ac::turn_on,living_room_ac,turn_on,2,139
186,USR-002,Bob,2026-04-10,Friday,False,19,evening_return,comfort_control,2,living_room_tv::turn_on,living_room_tv,turn_on,2,139
187,USR-002,Bob,2026-04-11,Saturday,True,10,late_morning,comfort_control,1,living_room_ac::turn_on,living_room_ac,turn_on,3,257
187,USR-002,Bob,2026-04-11,Saturday,True,10,late_morning,comfort_control,2,living_room_ac::set_temperature,living_room_ac,set_temperature,3,257
187,USR-002,Bob,2026-04-11,Saturday,True,10,late_morning,comfort_control,3,smart_thermostat::turn_on,smart_thermostat,turn_on,3,257
188,USR-002,Bob,2026-04-11,Saturday,True,20,night_routine,night_routine,1,living_room_ac::turn_on,living_room_ac,turn_on,2,261
188,USR-002,Bob,2026-04-11,Saturday,True,20,night_routine,night_routine,2,living_room_tv::turn_on,living_room_tv,turn_on,2,261
189,USR-002,Bob,2026-04-11,Saturday,True,22,night_routine,night_routine,1,living_room_tv::turn_off,living_room_tv,turn_off,2,709
189,USR-002,Bob,2026-04-11,Saturday,True,22,night_routine,night_routine,2,smart_thermostat::set_temperature,smart_thermostat,set_temperature,2,709
190,USR-002,Bob,2026-04-12,Sunday,True,5,late_night,night_routine,1,front_door_lock::turn_off,front_door_lock,turn_off,2,746
190,USR-002,Bob,2026-04-12,Sunday,True,5,late_night,night_routine,2,bedroom_light::turn_on,bedroom_light,turn_on,2,746
191,USR-002,Bob,2026-04-12,Sunday,True,10,late_morning,comfort_control,1,living_room_ac::turn_on,living_room_ac,turn_on,2,947
191,USR-002,Bob,2026-04-12,Sunday,True,10,late_morning,comfort_control,2,garage_door::turn_off,garage_door,turn_off,2,947
192,USR-002,Bob,2026-04-12,Sunday,True,19,evening_return,comfort_control,1,living_room_ac::turn_on,living_room_ac,turn_on,2,626
192,USR-002,Bob,2026-04-12,Sunday,True,19,evening_return,comfort_control,2,living_room_tv::turn_on,living_room_tv,turn_on,2,626
193,USR-002,Bob,2026-04-13,Monday,False,9,late_morning,comfort_control,1,living_room_ac::set_temperature,living_room_ac,set_temperature,3,910
193,USR-002,Bob,2026-04-13,Monday,False,9,late_morning,comfort_control,2,living_room_ac::turn_on,living_room_ac,turn_on,3,910
193,USR-002,Bob,2026-04-13,Monday,False,9,late_morning,comfort_control,3,kitchen_light::turn_on,kitchen_light,turn_on,3,910
194,USR-002,Bob,2026-04-13,Monday,False,12,lunch,general,1,front_door_lock::turn_off,front_door_lock,turn_off,2,1531
194,USR-002,Bob,2026-04-13,Monday,False,12,lunch,general,2,smart_thermostat::set_temperature,smart_thermostat,set_temperature,2,1531
195,USR-002,Bob,2026-04-13,Monday,False,19,evening_return,general,1,living_room_ac::turn_off,living_room_ac,turn_off,2,498
195,USR-002,Bob,2026-04-13,Monday,False,19,evening_return,general,2,living_room_tv::turn_on,living_room_tv,turn_on,2,498
196,USR-002,Bob,2026-04-14,Tuesday,False,9,late_morning,comfort_control,1,living_room_ac::turn_on,living_room_ac,turn_on,2,252
196,USR-002,Bob,2026-04-14,Tuesday,False,9,late_morning,comfort_control,2,living_room_ac::set_temperature,living_room_ac,set_temperature,2,252
197,USR-002,Bob,2026-04-14,Tuesday,False,19,evening_return,comfort_control,1,living_room_ac::turn_on,living_room_ac,turn_on,2,299
197,USR-002,Bob,2026-04-14,Tuesday,False,19,evening_return,comfort_control,2,living_room_tv::turn_on,living_room_tv,turn_on,2,299
198,USR-002,Bob,2026-04-14,Tuesday,False,22,night_routine,night_routine,1,living_room_tv::turn_off,living_room_tv,turn_off,2,180
198,USR-002,Bob,2026-04-14,Tuesday,False,22,night_routine,night_routine,2,smart_thermostat::set_temperature,smart_thermostat,set_temperature,2,180
199,USR-002,Bob,2026-04-15,Wednesday,False,9,late_morning,comfort_control,1,security_camera::turn_off,security_camera,turn_off,3,749
199,USR-002,Bob,2026-04-15,Wednesday,False,9,late_morning,comfort_control,2,living_room_ac::set_temperature,living_room_ac,set_temperature,3,749
199,USR-002,Bob,2026-04-15,Wednesday,False,9,late_morning,comfort_control,3,living_room_ac::turn_on,living_room_ac,turn_on,3,749
200,USR-002,Bob,2026-04-15,Wednesday,False,19,evening_return,comfort_control,1,living_room_tv::turn_on,living_room_tv,turn_on,2,765
200,USR-002,Bob,2026-04-15,Wednesday,False,19,evening_return,comfort_control,2,living_room_ac::turn_on,living_room_ac,turn_on,2,765
201,USR-002,Bob,2026-04-15,Wednesday,False,22,night_routine,night_routine,1,living_room_tv::turn_off,living_room_tv,turn_off,2,1274
201,USR-002,Bob,2026-04-15,Wednesday,False,22,night_routine,night_routine,2,smart_thermostat::set_temperature,smart_thermostat,set_temperature,2,1274
202,USR-002,Bob,2026-04-16,Thursday,False,6,morning_routine,morning_routine,1,smart_thermostat::turn_on,smart_thermostat,turn_on,2,1688
202,USR-002,Bob,2026-04-16,Thursday,False,6,morning_routine,morning_routine,2,living_room_ac::turn_off,living_room_ac,turn_off,2,1688
203,USR-002,Bob,2026-04-16,Thursday,False,9,late_morning,comfort_control,1,living_room_ac::turn_on,living_room_ac,turn_on,2,518
203,USR-002,Bob,2026-04-16,Thursday,False,9,late_morning,comfort_control,2,living_room_ac::set_temperature,living_room_ac,set_temperature,2,518
204,USR-002,Bob,2026-04-16,Thursday,False,10,late_morning,general,1,living_room_tv::turn_on,living_room_tv,turn_on,2,1036
204,USR-002,Bob,2026-04-16,Thursday,False,10,late_morning,general,2,bedroom_light::turn_on,bedroom_light,turn_on,2,1036
205,USR-002,Bob,2026-04-16,Thursday,False,19,evening_return,comfort_control,1,living_room_ac::turn_on,living_room_ac,turn_on,2,953
205,USR-002,Bob,2026-04-16,Thursday,False,19,evening_return,comfort_control,2,living_room_tv::turn_on,living_room_tv,turn_on,2,953
206,USR-002,Bob,2026-04-17,Friday,False,9,late_morning,comfort_control,1,living_room_ac::turn_on,living_room_ac,turn_on,2,786
206,USR-002,Bob,2026-04-17,Friday,False,9,late_morning,comfort_control,2,living_room_ac::set_temperature,living_room_ac,set_temperature,2,786
207,USR-003,Carol,2026-03-17,Tuesday,False,6,morning_routine,morning_routine,1,bathroom_light::turn_on,bathroom_light,turn_on,2,227
207,USR-003,Carol,2026-03-17,Tuesday,False,6,morning_routine,morning_routine,2,kitchen_light::turn_on,kitchen_light,turn_on,2,227
208,USR-003,Carol,2026-03-17,Tuesday,False,8,late_morning,leaving_home,1,front_door_lock::lock,front_door_lock,lock,3,950
208,USR-003,Carol,2026-03-17,Tuesday,False,8,late_morning,leaving_home,2,garage_door::open,garage_door,open,3,950
208,USR-003,Carol,2026-03-17,Tuesday,False,8,late_morning,leaving_home,3,smart_thermostat::turn_off,smart_thermostat,turn_off,3,950
209,USR-003,Carol,2026-03-17,Tuesday,False,16,afternoon,arriving_home,1,front_door_lock::unlock,front_door_lock,unlock,2,51
209,USR-003,Carol,2026-03-17,Tuesday,False,16,afternoon,arriving_home,2,garage_door::close,garage_door,close,2,51
210,USR-003,Carol,2026-03-17,Tuesday,False,20,night_routine,night_routine,1,kitchen_light::turn_off,kitchen_light,turn_off,2,477
210,USR-003,Carol,2026-03-17,Tuesday,False,20,night_routine,night_routine,2,living_room_tv::turn_on,living_room_tv,turn_on,2,477
211,USR-003,Carol,2026-03-17,Tuesday,False,21,night_routine,night_routine,1,bathroom_light::turn_off,bathroom_light,turn_off,2,137
211,USR-003,Carol,2026-03-17,Tuesday,False,21,night_routine,night_routine,2,kitchen_light::turn_off,kitchen_light,turn_off,2,137
212,USR-003,Carol,2026-03-18,Wednesday,False,7,morning_routine,morning_routine,1,bathroom_light::turn_on,bathroom_light,turn_on,2,69
212,USR-003,Carol,2026-03-18,Wednesday,False,7,morning_routine,morning_routine,2,kitchen_light::turn_on,kitchen_light,turn_on,2,69
213,USR-003,Carol,2026-03-18,Wednesday,False,8,morning_routine,leaving_home,1,garage_door::open,garage_door,open,2,632
213,USR-003,Carol,2026-03-18,Wednesday,False,8,morning_routine,leaving_home,2,front_door_lock::lock,front_door_lock,lock,2,632
214,USR-003,Carol,2026-03-18,Wednesday,False,16,afternoon,arriving_home,1,front_door_lock::unlock,front_door_lock,unlock,3,590
214,USR-003,Carol,2026-03-18,Wednesday,False,16,afternoon,arriving_home,2,garage_door::close,garage_door,close,3,590
214,USR-003,Carol,2026-03-18,Wednesday,False,16,afternoon,arriving_home,3,kitchen_light::turn_on,kitchen_light,turn_on,3,590
215,USR-003,Carol,2026-03-18,Wednesday,False,19,evening_return,general,1,living_room_tv::turn_on,living_room_tv,turn_on,2,494
215,USR-003,Carol,2026-03-18,Wednesday,False,19,evening_return,general,2,living_room_tv::turn_on,living_room_tv,turn_on,2,494
216,USR-003,Carol,2026-03-19,Thursday,False,6,morning_routine,morning_routine,1,kitchen_light::turn_on,kitchen_light,turn_on,2,425
216,USR-003,Carol,2026-03-19,Thursday,False,6,morning_routine,morning_routine,2,bathroom_light::turn_on,bathroom_light,turn_on,2,425
217,USR-003,Carol,2026-03-19,Thursday,False,8,morning_routine,leaving_home,1,front_door_lock::lock,front_door_lock,lock,2,788
217,USR-003,Carol,2026-03-19,Thursday,False,8,morning_routine,leaving_home,2,garage_door::open,garage_door,open,2,788
218,USR-003,Carol,2026-03-19,Thursday,False,11,late_morning,general,1,living_room_tv::turn_off,living_room_tv,turn_off,2,325
218,USR-003,Carol,2026-03-19,Thursday,False,11,late_morning,general,2,front_door_lock::turn_off,front_door_lock,turn_off,2,325
219,USR-003,Carol,2026-03-19,Thursday,False,17,evening_return,arriving_home,1,garage_door::close,garage_door,close,2,109
219,USR-003,Carol,2026-03-19,Thursday,False,17,evening_return,arriving_home,2,front_door_lock::unlock,front_door_lock,unlock,2,109
220,USR-003,Carol,2026-03-19,Thursday,False,19,evening_return,general,1,living_room_tv::turn_on,living_room_tv,turn_on,2,763
220,USR-003,Carol,2026-03-19,Thursday,False,19,evening_return,general,2,kitchen_light::turn_off,kitchen_light,turn_off,2,763
221,USR-003,Carol,2026-03-20,Friday,False,6,morning_routine,morning_routine,1,bedroom_light::turn_off,bedroom_light,turn_off,3,1531
221,USR-003,Carol,2026-03-20,Friday,False,6,morning_routine,morning_routine,2,kitchen_light::turn_on,kitchen_light,turn_on,3,1531
221,USR-003,Carol,2026-03-20,Friday,False,6,morning_routine,morning_routine,3,bathroom_light::turn_on,bathroom_light,turn_on,3,1531
222,USR-003,Carol,2026-03-20,Friday,False,8,morning_routine,leaving_home,1,front_door_lock::lock,front_door_lock,lock,2,107
222,USR-003,Carol,2026-03-20,Friday,False,8,morning_routine,leaving_home,2,garage_door::open,garage_door,open,2,107
223,USR-003,Carol,2026-03-20,Friday,False,16,evening_return,arriving_home,1,front_door_lock::turn_off,front_door_lock,turn_off,3,1004
223,USR-003,Carol,2026-03-20,Friday,False,16,evening_return,arriving_home,2,front_door_lock::unlock,front_door_lock,unlock,3,1004
223,USR-003,Carol,2026-03-20,Friday,False,16,evening_return,arriving_home,3,kitchen_light::turn_on,kitchen_light,turn_on,3,1004
224,USR-003,Carol,2026-03-20,Friday,False,19,evening_return,general,1,living_room_tv::turn_on,living_room_tv,turn_on,3,689
224,USR-003,Carol,2026-03-20,Friday,False,19,evening_return,general,2,bedroom_light::turn_on,bedroom_light,turn_on,3,689
224,USR-003,Carol,2026-03-20,Friday,False,19,evening_return,general,3,kitchen_light::turn_off,kitchen_light,turn_off,3,689
225,USR-003,Carol,2026-03-21,Saturday,True,6,morning_routine,morning_routine,1,kitchen_light::turn_on,kitchen_light,turn_on,2,415
225,USR-003,Carol,2026-03-21,Saturday,True,6,morning_routine,morning_routine,2,bathroom_light::turn_on,bathroom_light,turn_on,2,415
226,USR-003,Carol,2026-03-21,Saturday,True,10,late_morning,general,1,smart_thermostat::turn_off,smart_thermostat,turn_off,2,1182
226,USR-003,Carol,2026-03-21,Saturday,True,10,late_morning,general,2,smart_thermostat::turn_off,smart_thermostat,turn_off,2,1182
227,USR-003,Carol,2026-03-21,Saturday,True,21,night_routine,night_routine,1,bedroom_light::turn_on,bedroom_light,turn_on,2,948
227,USR-003,Carol,2026-03-21,Saturday,True,21,night_routine,night_routine,2,bathroom_light::turn_off,bathroom_light,turn_off,2,948
228,USR-003,Carol,2026-03-22,Sunday,True,21,night_routine,night_routine,1,garage_door::turn_off,garage_door,turn_off,2,1527
228,USR-003,Carol,2026-03-22,Sunday,True,21,night_routine,night_routine,2,bathroom_light::turn_off,bathroom_light,turn_off,2,1527
229,USR-003,Carol,2026-03-23,Monday,False,6,morning_routine,morning_routine,1,kitchen_light::turn_on,kitchen_light,turn_on,2,797
229,USR-003,Carol,2026-03-23,Monday,False,6,morning_routine,morning_routine,2,bathroom_light::turn_on,bathroom_light,turn_on,2,797
230,USR-003,Carol,2026-03-23,Monday,False,9,late_morning,leaving_home,1,garage_door::open,garage_door,open,2,95
230,USR-003,Carol,2026-03-23,Monday,False,9,late_morning,leaving_home,2,front_door_lock::lock,front_door_lock,lock,2,95
231,USR-003,Carol,2026-03-23,Monday,False,16,evening_return,arriving_home,1,front_door_lock::unlock,front_door_lock,unlock,3,680
231,USR-003,Carol,2026-03-23,Monday,False,16,evening_return,arriving_home,2,kitchen_light::turn_on,kitchen_light,turn_on,3,680
231,USR-003,Carol,2026-03-23,Monday,False,16,evening_return,arriving_home,3,garage_door::close,garage_door,close,3,680
232,USR-003,Carol,2026-03-23,Monday,False,19,evening_return,general,1,living_room_tv::turn_on,living_room_tv,turn_on,2,1244
232,USR-003,Carol,2026-03-23,Monday,False,19,evening_return,general,2,living_room_tv::turn_on,living_room_tv,turn_on,2,1244
233,USR-003,Carol,2026-03-24,Tuesday,False,0,late_night,night_routine,1,bedroom_light::turn_off,bedroom_light,turn_off,2,37
233,USR-003,Carol,2026-03-24,Tuesday,False,0,late_night,night_routine,2,garage_door::turn_on,garage_door,turn_on,2,37
234,USR-003,Carol,2026-03-24,Tuesday,False,6,morning_routine,morning_routine,1,kitchen_light::turn_on,kitchen_light,turn_on,2,167
234,USR-003,Carol,2026-03-24,Tuesday,False,6,morning_routine,morning_routine,2,bathroom_light::turn_on,bathroom_light,turn_on,2,167
235,USR-003,Carol,2026-03-24,Tuesday,False,9,late_morning,leaving_home,1,garage_door::open,garage_door,open,2,172
235,USR-003,Carol,2026-03-24,Tuesday,False,9,late_morning,leaving_home,2,front_door_lock::lock,front_door_lock,lock,2,172
236,USR-003,Carol,2026-03-25,Wednesday,False,8,morning_routine,leaving_home,1,front_door_lock::lock,front_door_lock,lock,2,82
236,USR-003,Carol,2026-03-25,Wednesday,False,8,morning_routine,leaving_home,2,garage_door::open,garage_door,open,2,82
237,USR-003,Carol,2026-03-25,Wednesday,False,9,late_morning,comfort_control,1,bedroom_ac::turn_on,bedroom_ac,turn_on,4,2113
237,USR-003,Carol,2026-03-25,Wednesday,False,9,late_morning,comfort_control,2,garage_door::open,garage_door,open,4,2113
237,USR-003,Carol,2026-03-25,Wednesday,False,9,late_morning,comfort_control,3,front_door_lock::turn_off,front_door_lock,turn_off,4,2113
237,USR-003,Carol,2026-03-25,Wednesday,False,9,late_morning,comfort_control,4,bedroom_light::turn_on,bedroom_light,turn_on,4,2113
238,USR-003,Carol,2026-03-25,Wednesday,False,16,evening_return,arriving_home,1,garage_door::close,garage_door,close,3,1000
238,USR-003,Carol,2026-03-25,Wednesday,False,16,evening_return,arriving_home,2,kitchen_light::turn_on,kitchen_light,turn_on,3,1000
238,USR-003,Carol,2026-03-25,Wednesday,False,16,evening_return,arriving_home,3,front_door_lock::unlock,front_door_lock,unlock,3,1000
239,USR-003,Carol,2026-03-25,Wednesday,False,19,evening_return,general,1,front_door_lock::turn_on,front_door_lock,turn_on,3,1612
239,USR-003,Carol,2026-03-25,Wednesday,False,19,evening_return,general,2,living_room_tv::turn_on,living_room_tv,turn_on,3,1612
239,USR-003,Carol,2026-03-25,Wednesday,False,19,evening_return,general,3,kitchen_light::turn_off,kitchen_light,turn_off,3,1612
240,USR-003,Carol,2026-03-25,Wednesday,False,20,night_routine,night_routine,1,security_camera::turn_on,security_camera,turn_on,5,4858
240,USR-003,Carol,2026-03-25,Wednesday,False,20,night_routine,night_routine,2,bedroom_ac::turn_off,bedroom_ac,turn_off,5,4858
240,USR-003,Carol,2026-03-25,Wednesday,False,20,night_routine,night_routine,3,living_room_tv::turn_off,living_room_tv,turn_off,5,4858
240,USR-003,Carol,2026-03-25,Wednesday,False,20,night_routine,night_routine,4,bathroom_light::turn_off,bathroom_light,turn_off,5,4858
240,USR-003,Carol,2026-03-25,Wednesday,False,20,night_routine,night_routine,5,bathroom_light::turn_off,bathroom_light,turn_off,5,4858
241,USR-003,Carol,2026-03-26,Thursday,False,6,morning_routine,morning_routine,1,bathroom_light::turn_on,bathroom_light,turn_on,3,2402
241,USR-003,Carol,2026-03-26,Thursday,False,6,morning_routine,morning_routine,2,kitchen_light::turn_on,kitchen_light,turn_on,3,2402
241,USR-003,Carol,2026-03-26,Thursday,False,6,morning_routine,morning_routine,3,garage_door::turn_off,garage_door,turn_off,3,2402
242,USR-003,Carol,2026-03-26,Thursday,False,9,late_morning,leaving_home,1,garage_door::open,garage_door,open,2,114
242,USR-003,Carol,2026-03-26,Thursday,False,9,late_morning,leaving_home,2,front_door_lock::lock,front_door_lock,lock,2,114
243,USR-003,Carol,2026-03-26,Thursday,False,16,afternoon,arriving_home,1,kitchen_light::turn_on,kitchen_light,turn_on,4,2585
243,USR-003,Carol,2026-03-26,Thursday,False,16,afternoon,arriving_home,2,garage_door::close,garage_door,close,4,2585
243,USR-003,Carol,2026-03-26,Thursday,False,16,afternoon,arriving_home,3,front_door_lock::unlock,front_door_lock,unlock,4,2585
243,USR-003,Carol,2026-03-26,Thursday,False,16,afternoon,arriving_home,4,security_camera::turn_on,security_camera,turn_on,4,2585
244,USR-003,Carol,2026-03-27,Friday,False,7,morning_routine,morning_routine,1,kitchen_light::turn_on,kitchen_light,turn_on,3,360
244,USR-003,Carol,2026-03-27,Friday,False,7,morning_routine,morning_routine,2,bathroom_light::turn_on,bathroom_light,turn_on,3,360
244,USR-003,Carol,2026-03-27,Friday,False,7,morning_routine,morning_routine,3,smart_thermostat::turn_off,smart_thermostat,turn_off,3,360
245,USR-003,Carol,2026-03-27,Friday,False,17,evening_return,arriving_home,1,front_door_lock::unlock,front_door_lock,unlock,2,685
245,USR-003,Carol,2026-03-27,Friday,False,17,evening_return,arriving_home,2,garage_door::close,garage_door,close,2,685
246,USR-003,Carol,2026-03-28,Saturday,True,6,morning_routine,morning_routine,1,kitchen_light::turn_on,kitchen_light,turn_on,2,173
246,USR-003,Carol,2026-03-28,Saturday,True,6,morning_routine,morning_routine,2,bathroom_light::turn_on,bathroom_light,turn_on,2,173
247,USR-003,Carol,2026-03-28,Saturday,True,19,evening_return,general,1,living_room_tv::turn_on,living_room_tv,turn_on,2,497
247,USR-003,Carol,2026-03-28,Saturday,True,19,evening_return,general,2,kitchen_light::turn_off,kitchen_light,turn_off,2,497
248,USR-003,Carol,2026-03-29,Sunday,True,6,morning_routine,morning_routine,1,kitchen_light::turn_on,kitchen_light,turn_on,2,691
248,USR-003,Carol,2026-03-29,Sunday,True,6,morning_routine,morning_routine,2,bathroom_light::turn_on,bathroom_light,turn_on,2,691
249,USR-003,Carol,2026-03-30,Monday,False,4,late_night,night_routine,1,bedroom_ac::turn_on,bedroom_ac,turn_on,2,1459
249,USR-003,Carol,2026-03-30,Monday,False,4,late_night,night_routine,2,security_camera::turn_off,security_camera,turn_off,2,1459
250,USR-003,Carol,2026-03-30,Monday,False,6,morning_routine,morning_routine,1,bathroom_light::turn_on,bathroom_light,turn_on,3,626
250,USR-003,Carol,2026-03-30,Monday,False,6,morning_routine,morning_routine,2,bathroom_light::turn_off,bathroom_light,turn_off,3,626
250,USR-003,Carol,2026-03-30,Monday,False,6,morning_routine,morning_routine,3,kitchen_light::turn_on,kitchen_light,turn_on,3,626
251,USR-003,Carol,2026-03-30,Monday,False,17,evening_return,arriving_home,1,front_door_lock::unlock,front_door_lock,unlock,2,386
251,USR-003,Carol,2026-03-30,Monday,False,17,evening_return,arriving_home,2,garage_door::close,garage_door,close,2,386
252,USR-003,Carol,2026-03-31,Tuesday,False,6,morning_routine,morning_routine,1,kitchen_light::turn_on,kitchen_light,turn_on,2,726
252,USR-003,Carol,2026-03-31,Tuesday,False,6,morning_routine,morning_routine,2,bathroom_light::turn_on,bathroom_light,turn_on,2,726
253,USR-003,Carol,2026-03-31,Tuesday,False,8,morning_routine,leaving_home,1,living_room_ac::turn_on,living_room_ac,turn_on,3,932
253,USR-003,Carol,2026-03-31,Tuesday,False,8,morning_routine,leaving_home,2,front_door_lock::lock,front_door_lock,lock,3,932
253,USR-003,Carol,2026-03-31,Tuesday,False,8,morning_routine,leaving_home,3,garage_door::open,garage_door,open,3,932
254,USR-003,Carol,2026-03-31,Tuesday,False,9,late_morning,general,1,security_camera::turn_on,security_camera,turn_on,2,686
254,USR-003,Carol,2026-03-31,Tuesday,False,9,late_morning,general,2,garage_door::open,garage_door,open,2,686
255,USR-003,Carol,2026-03-31,Tuesday,False,16,evening_return,arriving_home,1,kitchen_light::turn_on,kitchen_light,turn_on,3,210
255,USR-003,Carol,2026-03-31,Tuesday,False,16,evening_return,arriving_home,2,garage_door::close,garage_door,close,3,210
255,USR-003,Carol,2026-03-31,Tuesday,False,16,evening_return,arriving_home,3,front_door_lock::unlock,front_door_lock,unlock,3,210
256,USR-003,Carol,2026-03-31,Tuesday,False,19,evening_return,general,1,kitchen_light::turn_off,kitchen_light,turn_off,2,787
256,USR-003,Carol,2026-03-31,Tuesday,False,19,evening_return,general,2,living_room_tv::turn_on,living_room_tv,turn_on,2,787
257,USR-003,Carol,2026-04-01,Wednesday,False,6,morning_routine,morning_routine,1,bathroom_light::turn_on,bathroom_light,turn_on,3,342
257,USR-003,Carol,2026-04-01,Wednesday,False,6,morning_routine,morning_routine,2,kitchen_light::turn_on,kitchen_light,turn_on,3,342
257,USR-003,Carol,2026-04-01,Wednesday,False,6,morning_routine,morning_routine,3,front_door_lock::turn_on,front_door_lock,turn_on,3,342
258,USR-003,Carol,2026-04-01,Wednesday,False,9,late_morning,leaving_home,1,front_door_lock::lock,front_door_lock,lock,2,5
258,USR-003,Carol,2026-04-01,Wednesday,False,9,late_morning,leaving_home,2,garage_door::open,garage_door,open,2,5
259,USR-003,Carol,2026-04-01,Wednesday,False,16,evening_return,arriving_home,1,garage_door::close,garage_door,close,4,2526
259,USR-003,Carol,2026-04-01,Wednesday,False,16,evening_return,arriving_home,2,kitchen_light::turn_on,kitchen_light,turn_on,4,2526
259,USR-003,Carol,2026-04-01,Wednesday,False,16,evening_return,arriving_home,3,front_door_lock::unlock,front_door_lock,unlock,4,2526
259,USR-003,Carol,2026-04-01,Wednesday,False,16,evening_return,arriving_home,4,bathroom_light::turn_on,bathroom_light,turn_on,4,2526
260,USR-003,Carol,2026-04-01,Wednesday,False,19,night_routine,night_routine,1,kitchen_light::turn_off,kitchen_light,turn_off,3,573
260,USR-003,Carol,2026-04-01,Wednesday,False,19,night_routine,night_routine,2,living_room_tv::turn_on,living_room_tv,turn_on,3,573
260,USR-003,Carol,2026-04-01,Wednesday,False,19,night_routine,night_routine,3,smart_thermostat::turn_off,smart_thermostat,turn_off,3,573
261,USR-003,Carol,2026-04-02,Thursday,False,7,morning_routine,morning_routine,1,kitchen_light::turn_on,kitchen_light,turn_on,2,149
261,USR-003,Carol,2026-04-02,Thursday,False,7,morning_routine,morning_routine,2,bathroom_light::turn_on,bathroom_light,turn_on,2,149
262,USR-003,Carol,2026-04-02,Thursday,False,17,evening_return,arriving_home,1,front_door_lock::unlock,front_door_lock,unlock,3,508
262,USR-003,Carol,2026-04-02,Thursday,False,17,evening_return,arriving_home,2,kitchen_light::turn_on,kitchen_light,turn_on,3,508
262,USR-003,Carol,2026-04-02,Thursday,False,17,evening_return,arriving_home,3,garage_door::close,garage_door,close,3,508
263,USR-003,Carol,2026-04-03,Friday,False,8,late_morning,leaving_home,1,garage_door::open,garage_door,open,3,951
263,USR-003,Carol,2026-04-03,Friday,False,8,late_morning,leaving_home,2,front_door_lock::lock,front_door_lock,lock,3,951
263,USR-003,Carol,2026-04-03,Friday,False,8,late_morning,leaving_home,3,garage_door::turn_on,garage_door,turn_on,3,951
264,USR-003,Carol,2026-04-03,Friday,False,9,late_morning,general,1,bedroom_light::turn_on,bedroom_light,turn_on,2,1481
264,USR-003,Carol,2026-04-03,Friday,False,9,late_morning,general,2,garage_door::open,garage_door,open,2,1481
265,USR-003,Carol,2026-04-03,Friday,False,16,afternoon,general,1,garage_door::close,garage_door,close,2,554
265,USR-003,Carol,2026-04-03,Friday,False,16,afternoon,general,2,kitchen_light::turn_on,kitchen_light,turn_on,2,554
266,USR-003,Carol,2026-04-04,Saturday,True,6,morning_routine,morning_routine,1,bathroom_light::turn_on,bathroom_light,turn_on,2,892
266,USR-003,Carol,2026-04-04,Saturday,True,6,morning_routine,morning_routine,2,kitchen_light::turn_on,kitchen_light,turn_on,2,892
267,USR-003,Carol,2026-04-04,Saturday,True,19,evening_return,general,1,kitchen_light::turn_off,kitchen_light,turn_off,2,2
267,USR-003,Carol,2026-04-04,Saturday,True,19,evening_return,general,2,living_room_tv::turn_on,living_room_tv,turn_on,2,2
268,USR-003,Carol,2026-04-05,Sunday,True,6,morning_routine,morning_routine,1,kitchen_light::turn_on,kitchen_light,turn_on,2,1351
268,USR-003,Carol,2026-04-05,Sunday,True,6,morning_routine,morning_routine,2,bathroom_light::turn_on,bathroom_light,turn_on,2,1351
269,USR-003,Carol,2026-04-05,Sunday,True,22,night_routine,night_routine,1,smart_thermostat::turn_on,smart_thermostat,turn_on,2,399
269,USR-003,Carol,2026-04-05,Sunday,True,22,night_routine,night_routine,2,living_room_ac::turn_on,living_room_ac,turn_on,2,399
270,USR-003,Carol,2026-04-06,Monday,False,6,morning_routine,morning_routine,1,kitchen_light::turn_on,kitchen_light,turn_on,2,28
270,USR-003,Carol,2026-04-06,Monday,False,6,morning_routine,morning_routine,2,bathroom_light::turn_on,bathroom_light,turn_on,2,28
271,USR-003,Carol,2026-04-06,Monday,False,9,late_morning,leaving_home,1,garage_door::open,garage_door,open,2,388
271,USR-003,Carol,2026-04-06,Monday,False,9,late_morning,leaving_home,2,front_door_lock::lock,front_door_lock,lock,2,388
272,USR-003,Carol,2026-04-06,Monday,False,16,afternoon,arriving_home,1,garage_door::close,garage_door,close,3,234
272,USR-003,Carol,2026-04-06,Monday,False,16,afternoon,arriving_home,2,bedroom_ac::turn_on,bedroom_ac,turn_on,3,234
272,USR-003,Carol,2026-04-06,Monday,False,16,afternoon,arriving_home,3,front_door_lock::unlock,front_door_lock,unlock,3,234
273,USR-003,Carol,2026-04-06,Monday,False,19,evening_return,general,1,living_room_tv::turn_on,living_room_tv,turn_on,2,843
273,USR-003,Carol,2026-04-06,Monday,False,19,evening_return,general,2,kitchen_light::turn_off,kitchen_light,turn_off,2,843
274,USR-003,Carol,2026-04-06,Monday,False,22,night_routine,night_routine,1,bathroom_light::turn_off,bathroom_light,turn_off,3,616
274,USR-003,Carol,2026-04-06,Monday,False,22,night_routine,night_routine,2,smart_thermostat::turn_on,smart_thermostat,turn_on,3,616
274,USR-003,Carol,2026-04-06,Monday,False,22,night_routine,night_routine,3,smart_thermostat::turn_on,smart_thermostat,turn_on,3,616
275,USR-003,Carol,2026-04-07,Tuesday,False,9,late_morning,leaving_home,1,garage_door::open,garage_door,open,2,359
275,USR-003,Carol,2026-04-07,Tuesday,False,9,late_morning,leaving_home,2,front_door_lock::lock,front_door_lock,lock,2,359
276,USR-003,Carol,2026-04-07,Tuesday,False,9,late_morning,general,1,security_camera::turn_on,security_camera,turn_on,2,1182
276,USR-003,Carol,2026-04-07,Tuesday,False,9,late_morning,general,2,garage_door::open,garage_door,open,2,1182
277,USR-003,Carol,2026-04-07,Tuesday,False,16,afternoon,general,1,living_room_tv::turn_on,living_room_tv,turn_on,2,1318
277,USR-003,Carol,2026-04-07,Tuesday,False,16,afternoon,general,2,garage_door::close,garage_door,close,2,1318
278,USR-003,Carol,2026-04-08,Wednesday,False,6,morning_routine,morning_routine,1,living_room_tv::turn_off,living_room_tv,turn_off,4,2010
278,USR-003,Carol,2026-04-08,Wednesday,False,6,morning_routine,morning_routine,2,bathroom_light::turn_on,bathroom_light,turn_on,4,2010
278,USR-003,Carol,2026-04-08,Wednesday,False,6,morning_routine,morning_routine,3,kitchen_light::turn_on,kitchen_light,turn_on,4,2010
278,USR-003,Carol,2026-04-08,Wednesday,False,6,morning_routine,morning_routine,4,bathroom_light::turn_off,bathroom_light,turn_off,4,2010
279,USR-003,Carol,2026-04-08,Wednesday,False,8,morning_routine,leaving_home,1,garage_door::open,garage_door,open,2,368
279,USR-003,Carol,2026-04-08,Wednesday,False,8,morning_routine,leaving_home,2,front_door_lock::lock,front_door_lock,lock,2,368
280,USR-003,Carol,2026-04-08,Wednesday,False,9,late_morning,general,1,living_room_ac::turn_off,living_room_ac,turn_off,2,1626
280,USR-003,Carol,2026-04-08,Wednesday,False,9,late_morning,general,2,garage_door::open,garage_door,open,2,1626
281,USR-003,Carol,2026-04-08,Wednesday,False,16,evening_return,arriving_home,1,garage_door::close,garage_door,close,3,510
281,USR-003,Carol,2026-04-08,Wednesday,False,16,evening_return,arriving_home,2,front_door_lock::unlock,front_door_lock,unlock,3,510
281,USR-003,Carol,2026-04-08,Wednesday,False,16,evening_return,arriving_home,3,kitchen_light::turn_on,kitchen_light,turn_on,3,510
282,USR-003,Carol,2026-04-08,Wednesday,False,20,night_routine,night_routine,1,kitchen_light::turn_off,kitchen_light,turn_off,2,502
282,USR-003,Carol,2026-04-08,Wednesday,False,20,night_routine,night_routine,2,living_room_tv::turn_on,living_room_tv,turn_on,2,502
283,USR-003,Carol,2026-04-08,Wednesday,False,21,night_routine,night_routine,1,security_camera::turn_off,security_camera,turn_off,2,961
283,USR-003,Carol,2026-04-08,Wednesday,False,21,night_routine,night_routine,2,bathroom_light::turn_off,bathroom_light,turn_off,2,961
284,USR-003,Carol,2026-04-09,Thursday,False,7,morning_routine,morning_routine,1,bathroom_light::turn_on,bathroom_light,turn_on,3,1891
284,USR-003,Carol,2026-04-09,Thursday,False,7,morning_routine,morning_routine,2,kitchen_light::turn_on,kitchen_light,turn_on,3,1891
284,USR-003,Carol,2026-04-09,Thursday,False,7,morning_routine,morning_routine,3,living_room_ac::turn_on,living_room_ac,turn_on,3,1891
285,USR-003,Carol,2026-04-09,Thursday,False,8,morning_routine,leaving_home,1,front_door_lock::lock,front_door_lock,lock,2,673
285,USR-003,Carol,2026-04-09,Thursday,False,8,morning_routine,leaving_home,2,garage_door::open,garage_door,open,2,673
286,USR-003,Carol,2026-04-09,Thursday,False,10,late_morning,general,1,living_room_ac::turn_off,living_room_ac,turn_off,2,1711
286,USR-003,Carol,2026-04-09,Thursday,False,10,late_morning,general,2,security_camera::turn_on,security_camera,turn_on,2,1711
287,USR-003,Carol,2026-04-09,Thursday,False,16,evening_return,arriving_home,1,garage_door::close,garage_door,close,3,686
287,USR-003,Carol,2026-04-09,Thursday,False,16,evening_return,arriving_home,2,kitchen_light::turn_on,kitchen_light,turn_on,3,686
287,USR-003,Carol,2026-04-09,Thursday,False,16,evening_return,arriving_home,3,front_door_lock::unlock,front_door_lock,unlock,3,686
288,USR-003,Carol,2026-04-09,Thursday,False,18,evening_return,general,1,living_room_tv::turn_on,living_room_tv,turn_on,3,1433
288,USR-003,Carol,2026-04-09,Thursday,False,18,evening_return,general,2,bedroom_light::turn_on,bedroom_light,turn_on,3,1433
288,USR-003,Carol,2026-04-09,Thursday,False,18,evening_return,general,3,security_camera::turn_on,security_camera,turn_on,3,1433
289,USR-003,Carol,2026-04-09,Thursday,False,19,evening_return,general,1,kitchen_light::turn_off,kitchen_light,turn_off,3,1351
289,USR-003,Carol,2026-04-09,Thursday,False,19,evening_return,general,2,living_room_tv::turn_on,living_room_tv,turn_on,3,1351
289,USR-003,Carol,2026-04-09,Thursday,False,19,evening_return,general,3,security_camera::turn_on,security_camera,turn_on,3,1351
290,USR-003,Carol,2026-04-10,Friday,False,6,morning_routine,morning_routine,1,front_door_lock::turn_on,front_door_lock,turn_on,3,827
290,USR-003,Carol,2026-04-10,Friday,False,6,morning_routine,morning_routine,2,bathroom_light::turn_on,bathroom_light,turn_on,3,827
290,USR-003,Carol,2026-04-10,Friday,False,6,morning_routine,morning_routine,3,kitchen_light::turn_on,kitchen_light,turn_on,3,827
291,USR-003,Carol,2026-04-10,Friday,False,11,late_morning,general,1,living_room_tv::turn_on,living_room_tv,turn_on,2,495
291,USR-003,Carol,2026-04-10,Friday,False,11,late_morning,general,2,front_door_lock::turn_off,front_door_lock,turn_off,2,495
292,USR-003,Carol,2026-04-10,Friday,False,16,afternoon,arriving_home,1,kitchen_light::turn_on,kitchen_light,turn_on,3,583
292,USR-003,Carol,2026-04-10,Friday,False,16,afternoon,arriving_home,2,garage_door::close,garage_door,close,3,583
292,USR-003,Carol,2026-04-10,Friday,False,16,afternoon,arriving_home,3,front_door_lock::unlock,front_door_lock,unlock,3,583
293,USR-003,Carol,2026-04-11,Saturday,True,6,morning_routine,morning_routine,1,bathroom_light::turn_on,bathroom_light,turn_on,2,1008
293,USR-003,Carol,2026-04-11,Saturday,True,6,morning_routine,morning_routine,2,kitchen_light::turn_on,kitchen_light,turn_on,2,1008
294,USR-003,Carol,2026-04-12,Sunday,True,6,morning_routine,morning_routine,1,bathroom_light::turn_on,bathroom_light,turn_on,2,111
294,USR-003,Carol,2026-04-12,Sunday,True,6,morning_routine,morning_routine,2,kitchen_light::turn_on,kitchen_light,turn_on,2,111
295,USR-003,Carol,2026-04-12,Sunday,True,14,afternoon,general,1,smart_thermostat::turn_off,smart_thermostat,turn_off,2,211
295,USR-003,Carol,2026-04-12,Sunday,True,14,afternoon,general,2,smart_thermostat::turn_on,smart_thermostat,turn_on,2,211
296,USR-003,Carol,2026-04-13,Monday,False,4,late_night,night_routine,1,bedroom_ac::turn_on,bedroom_ac,turn_on,2,101
296,USR-003,Carol,2026-04-13,Monday,False,4,late_night,night_routine,2,bathroom_light::turn_off,bathroom_light,turn_off,2,101
297,USR-003,Carol,2026-04-13,Monday,False,7,morning_routine,morning_routine,1,bathroom_light::turn_on,bathroom_light,turn_on,4,596
297,USR-003,Carol,2026-04-13,Monday,False,7,morning_routine,morning_routine,2,front_door_lock::turn_off,front_door_lock,turn_off,4,596
297,USR-003,Carol,2026-04-13,Monday,False,7,morning_routine,morning_routine,3,kitchen_light::turn_on,kitchen_light,turn_on,4,596
297,USR-003,Carol,2026-04-13,Monday,False,7,morning_routine,morning_routine,4,security_camera::turn_off,security_camera,turn_off,4,596
298,USR-003,Carol,2026-04-13,Monday,False,8,morning_routine,leaving_home,1,front_door_lock::lock,front_door_lock,lock,2,224
298,USR-003,Carol,2026-04-13,Monday,False,8,morning_routine,leaving_home,2,garage_door::open,garage_door,open,2,224
299,USR-003,Carol,2026-04-13,Monday,False,16,evening_return,comfort_control,1,kitchen_light::turn_on,kitchen_light,turn_on,3,1346
299,USR-003,Carol,2026-04-13,Monday,False,16,evening_return,comfort_control,2,kitchen_light::turn_off,kitchen_light,turn_off,3,1346
299,USR-003,Carol,2026-04-13,Monday,False,16,evening_return,comfort_control,3,living_room_ac::turn_on,living_room_ac,turn_on,3,1346
300,USR-003,Carol,2026-04-13,Monday,False,20,night_routine,night_routine,1,living_room_tv::turn_on,living_room_tv,turn_on,2,477
300,USR-003,Carol,2026-04-13,Monday,False,20,night_routine,night_routine,2,kitchen_light::turn_off,kitchen_light,turn_off,2,477
301,USR-003,Carol,2026-04-13,Monday,False,22,night_routine,night_routine,1,bedroom_light::turn_on,bedroom_light,turn_on,2,27
301,USR-003,Carol,2026-04-13,Monday,False,22,night_routine,night_routine,2,bathroom_light::turn_off,bathroom_light,turn_off,2,27
302,USR-003,Carol,2026-04-14,Tuesday,False,8,morning_routine,leaving_home,1,garage_door::open,garage_door,open,2,692
302,USR-003,Carol,2026-04-14,Tuesday,False,8,morning_routine,leaving_home,2,front_door_lock::lock,front_door_lock,lock,2,692
303,USR-003,Carol,2026-04-14,Tuesday,False,9,late_morning,general,1,garage_door::open,garage_door,open,3,883
303,USR-003,Carol,2026-04-14,Tuesday,False,9,late_morning,general,2,bathroom_light::turn_on,bathroom_light,turn_on,3,883
303,USR-003,Carol,2026-04-14,Tuesday,False,9,late_morning,general,3,living_room_tv::turn_on,living_room_tv,turn_on,3,883
304,USR-003,Carol,2026-04-14,Tuesday,False,17,evening_return,arriving_home,1,kitchen_light::turn_on,kitchen_light,turn_on,3,286
304,USR-003,Carol,2026-04-14,Tuesday,False,17,evening_return,arriving_home,2,front_door_lock::unlock,front_door_lock,unlock,3,286
304,USR-003,Carol,2026-04-14,Tuesday,False,17,evening_return,arriving_home,3,garage_door::close,garage_door,close,3,286
305,USR-003,Carol,2026-04-14,Tuesday,False,19,evening_return,general,1,living_room_tv::turn_on,living_room_tv,turn_on,2,550
305,USR-003,Carol,2026-04-14,Tuesday,False,19,evening_return,general,2,kitchen_light::turn_off,kitchen_light,turn_off,2,550
306,USR-003,Carol,2026-04-14,Tuesday,False,21,night_routine,night_routine,1,front_door_lock::turn_on,front_door_lock,turn_on,2,1128
306,USR-003,Carol,2026-04-14,Tuesday,False,21,night_routine,night_routine,2,bathroom_light::turn_off,bathroom_light,turn_off,2,1128
307,USR-003,Carol,2026-04-15,Wednesday,False,2,late_night,night_routine,1,security_camera::turn_off,security_camera,turn_off,2,832
307,USR-003,Carol,2026-04-15,Wednesday,False,2,late_night,night_routine,2,living_room_ac::turn_on,living_room_ac,turn_on,2,832
308,USR-003,Carol,2026-04-15,Wednesday,False,6,morning_routine,morning_routine,1,garage_door::turn_on,garage_door,turn_on,3,1324
308,USR-003,Carol,2026-04-15,Wednesday,False,6,morning_routine,morning_routine,2,bathroom_light::turn_on,bathroom_light,turn_on,3,1324
308,USR-003,Carol,2026-04-15,Wednesday,False,6,morning_routine,morning_routine,3,kitchen_light::turn_on,kitchen_light,turn_on,3,1324
309,USR-003,Carol,2026-04-15,Wednesday,False,8,morning_routine,leaving_home,1,garage_door::open,garage_door,open,2,550
309,USR-003,Carol,2026-04-15,Wednesday,False,8,morning_routine,leaving_home,2,front_door_lock::lock,front_door_lock,lock,2,550
310,USR-003,Carol,2026-04-15,Wednesday,False,16,afternoon,arriving_home,1,living_room_tv::turn_off,living_room_tv,turn_off,4,1555
310,USR-003,Carol,2026-04-15,Wednesday,False,16,afternoon,arriving_home,2,front_door_lock::unlock,front_door_lock,unlock,4,1555
310,USR-003,Carol,2026-04-15,Wednesday,False,16,afternoon,arriving_home,3,garage_door::close,garage_door,close,4,1555
310,USR-003,Carol,2026-04-15,Wednesday,False,16,afternoon,arriving_home,4,kitchen_light::turn_on,kitchen_light,turn_on,4,1555
311,USR-003,Carol,2026-04-16,Thursday,False,7,morning_routine,morning_routine,1,bathroom_light::turn_on,bathroom_light,turn_on,2,516
311,USR-003,Carol,2026-04-16,Thursday,False,7,morning_routine,morning_routine,2,kitchen_light::turn_on,kitchen_light,turn_on,2,516
312,USR-003,Carol,2026-04-16,Thursday,False,16,afternoon,arriving_home,1,garage_door::close,garage_door,close,3,209
312,USR-003,Carol,2026-04-16,Thursday,False,16,afternoon,arriving_home,2,front_door_lock::unlock,front_door_lock,unlock,3,209
312,USR-003,Carol,2026-04-16,Thursday,False,16,afternoon,arriving_home,3,kitchen_light::turn_on,kitchen_light,turn_on,3,209
313,USR-003,Carol,2026-04-16,Thursday,False,19,evening_return,general,1,security_camera::turn_on,security_camera,turn_on,3,453
313,USR-003,Carol,2026-04-16,Thursday,False,19,evening_return,general,2,kitchen_light::turn_off,kitchen_light,turn_off,3,453
313,USR-003,Carol,2026-04-16,Thursday,False,19,evening_return,general,3,living_room_tv::turn_on,living_room_tv,turn_on,3,453
314,USR-003,Carol,2026-04-17,Friday,False,7,morning_routine,morning_routine,1,kitchen_light::turn_on,kitchen_light,turn_on,2,125
314,USR-003,Carol,2026-04-17,Friday,False,7,morning_routine,morning_routine,2,bathroom_light::turn_on,bathroom_light,turn_on,2,125
315,USR-003,Carol,2026-04-17,Friday,False,8,morning_routine,leaving_home,1,garage_door::open,garage_door,open,2,602
315,USR-003,Carol,2026-04-17,Friday,False,8,morning_routine,leaving_home,2,front_door_lock::lock,front_door_lock,lock,2,602
316,USR-003,Carol,2026-04-17,Friday,False,17,evening_return,general,1,garage_door::close,garage_door,close,2,504
316,USR-003,Carol,2026-04-17,Friday,False,17,evening_return,general,2,kitchen_light::turn_on,kitchen_light,turn_on,2,504
317,USR-003,Carol,2026-04-17,Friday,False,19,evening_return,general,1,kitchen_light::turn_off,kitchen_light,turn_off,2,474
317,USR-003,Carol,2026-04-17,Friday,False,19,evening_return,general,2,living_room_tv::turn_on,living_room_tv,turn_on,2,474
